algorithm,gid,dataset,seeds,valid_for_symbolic_rate,pred_parse_rate,cas_equiv_rate,numeric_equiv_rate,equiv_final_rate,mean_tree_similarity,mean_var_f1,mean_op_f1,sym_f_formal
drsr,g0001,II.34.2_1_0,5,1.0,1.0,0.0,0.0,0.0,0.0,1.0,0.7542857142857143,0.17542857142857143
drsr,g0002,first_principles_hubble,5,1.0,1.0,0.0,0.0,0.0,0.0,1.0,0.5,0.15000000000000002
drsr,g0003,feynman-ii.27.18,5,1.0,1.0,0.0,0.4,0.4,0.2,0.7666666666666666,0.78,0.4786666666666667
drsr,g0004,Korns-4,5,1.0,1.0,0.0,0.0,0.0,0.0,0.4,0.7314285714285714,0.11314285714285714
drsr,g0005,Keijzer-11,5,1.0,1.0,0.0,0.0,0.0,0.0,0.6666666666666666,0.65,0.13166666666666665
drsr,g0006,Keijzer-2,5,1.0,1.0,0.0,0.0,0.0,0.0,1.0,0.4883116883116883,0.14883116883116884
drsr,g0007,Korns-2,5,1.0,1.0,0.0,0.0,0.0,0.0,0.5714285714285715,1.0,0.15714285714285717
drsr,g0008,Nguyen-12,5,1.0,1.0,0.0,0.0,0.0,0.31764705882352945,0.6666666666666666,0.9142857142857143,0.25338935574229693
drsr,g0009,Nguyen-6,5,1.0,1.0,0.0,0.0,0.0,0.0,1.0,0.6533333333333333,0.16533333333333336
drsr,g0010,Nguyen-9,5,1.0,1.0,0.0,0.0,0.0,0.0,0.6666666666666666,0.6476190476190476,0.13142857142857142
drsr,g0011,Vladislavleva-4,5,1.0,1.0,0.0,0.0,0.0,0.0,0.888888888888889,0.95,0.18388888888888888
drsr,g0012,feynman_I_27_6,5,1.0,1.0,0.0,0.2,0.2,0.018181818181818188,1.0,1.0,0.36
drsr,g0013,feynman-i.43.31,5,1.0,1.0,0.0,0.0,0.0,0.0,1.0,0.5333333333333333,0.15333333333333335
drsr,g0014,feynman-ii.34.11,5,1.0,1.0,0.0,0.0,0.0,0.15,0.45714285714285713,0.7,0.16071428571428573
drsr,g0015,III.21.20_3_0,5,1.0,1.0,0.0,0.0,0.0,0.0,1.0,0.6466666666666667,0.16466666666666668
drsr,g0016,feynman_II_15_4,5,1.0,1.0,0.4,0.8,0.8,0.6,1.0,0.8400000000000001,0.828
drsr,g0017,strogatz_shearflow1,5,1.0,1.0,0.0,0.0,0.0,0.0,1.0,0.5999999999999999,0.16
drsr,g0018,feynman-i.18.16,5,1.0,1.0,0.0,0.2,0.2,0.2666666666666667,0.8992063492063492,0.8133333333333332,0.36125396825396827
drsr,g0019,feynman-ii.34.2a,5,1.0,1.0,0.0,0.0,0.0,0.0,0.5833333333333333,0.6133333333333333,0.11966666666666667
drsr,g0020,first_principles_leavitt,5,1.0,1.0,0.0,0.0,0.0,0.0,1.0,0.7733333333333333,0.17733333333333334
drsr,g0021,feynman-i.39.22,5,1.0,1.0,0.0,0.0,0.0,0.14285714285714285,0.3276190476190476,0.7733333333333333,0.15295238095238095
drsr,g0022,feynman-i.11.19,5,1.0,1.0,0.0,0.0,0.0,0.15999999999999998,0.8571428571428571,1.0,0.2337142857142857
drsr,g0023,I.11.19_4_0,5,1.0,1.0,0.0,0.0,0.0,0.0,1.0,0.8400000000000001,0.18400000000000002
drsr,g0024,strogatz_predprey2,5,1.0,1.0,0.0,0.6,0.6,0.0,1.0,0.9428571428571428,0.6771428571428572
drsr,g0025,strogatz_barmag2,5,1.0,1.0,0.0,1.0,1.0,0.676923076923077,1.0,0.9714285714285715,1.0
drsr,g0026,strogatz_barmag1,5,1.0,1.0,0.0,0.6,0.6,0.3230769230769231,1.0,0.8428571428571427,0.67
drsr,g0027,feynman_I_12_11,5,1.0,0.8,0.0,0.2,0.2,0.17777777777777776,0.8,0.7714285714285715,0.3171428571428571
drsr,g0028,feynman-ii.4.23,5,1.0,1.0,0.0,0.4,0.4,0.6000000000000001,1.0,0.8514285714285714,0.6131428571428572
drsr,g0029,strogatz_vdp1,5,1.0,1.0,0.0,0.8,0.8,0.3333333333333333,1.0,0.9142857142857143,0.8314285714285715
drsr,g0030,feynman-iii.7.38,5,1.0,1.0,0.0,0.0,0.0,0.0,1.0,0.48,0.14800000000000002
drsr,g0031,II.11.27_1_0,5,1.0,1.0,0.0,0.0,0.0,0.0,1.0,0.96,0.196
drsr,g0032,feynman-i.13.12,5,1.0,1.0,0.0,0.8,0.8,0.06153846153846152,0.9714285714285713,0.8800000000000001,0.8406153846153845
drsr,g0033,feynman-iii.10.19,5,1.0,1.0,0.0,0.0,0.0,0.12857142857142856,0.5771428571428572,0.9,0.1862857142857143
drsr,g0034,CRK11,5,1.0,1.0,0.0,0.0,0.0,0.033333333333333326,0.5333333333333333,0.7547619047619047,0.1388095238095238
drsr,g0035,feynman-i.32.5,5,1.0,1.0,0.0,0.0,0.0,0.09090909090909091,1.0,0.621904761904762,0.1894632034632035
drsr,g0036,CRK10,5,1.0,1.0,0.0,0.0,0.0,0.0,0.6666666666666666,0.7277777777777776,0.13944444444444443
drsr,g0037,CRK34,5,1.0,1.0,0.0,0.0,0.0,0.0,0.6666666666666666,0.8128571428571428,0.14795238095238097
drsr,g0038,PO19,5,1.0,1.0,0.0,0.0,0.0,0.0,0.8,0.5460317460317461,0.1346031746031746
drsr,g0039,CRK0,5,1.0,1.0,0.0,0.0,0.0,0.05,0.6666666666666666,0.8357142857142856,0.16523809523809524
drsr,g0040,feynman-i.29.16,5,1.0,1.0,0.0,0.0,0.0,0.0,1.0,0.8,0.18
drsr,g0041,PO41,5,1.0,1.0,0.0,0.0,0.0,0.0,0.8,0.7287878787878788,0.1528787878787879
drsr,g0042,feynman_test_15,5,1.0,1.0,0.0,0.0,0.0,0.0,1.0,0.95,0.195
drsr,g0043,CRK33,5,1.0,1.0,0.0,0.0,0.0,0.06315789473684211,1.0,0.6933333333333332,0.18828070175438597
drsr,g0044,feynman-i.15.3t,5,1.0,1.0,0.0,0.0,0.0,0.0,0.47000000000000003,0.7733333333333333,0.12433333333333337
drsr,g0045,feynman-bonus.20,5,1.0,1.0,0.0,0.0,0.0,0.06428571428571428,0.5142857142857142,0.6785714285714286,0.13857142857142857
drsr,g0046,II.6.15b_3_0,5,1.0,0.8,0.0,0.0,0.0,0.18181818181818182,0.8,0.6311111111111112,0.19765656565656567
drsr,g0047,BPG5,5,1.0,1.0,0.0,0.0,0.0,0.0,0.6666666666666666,0.8428571428571427,0.15095238095238095
drsr,g0048,MatSci21,5,1.0,1.0,0.0,0.0,0.0,0.18888888888888888,1.0,0.95,0.25166666666666665
drsr,g0049,BPG3,5,1.0,1.0,0.0,0.0,0.0,0.04347826086956523,0.5333333333333333,0.819047619047619,0.1482815734989648
drsr,g0050,BPG9,5,1.0,1.0,0.0,0.0,0.0,0.006666666666666665,0.6666666666666666,0.8285714285714286,0.15152380952380953
dso,g0001,II.34.2_1_0,5,1.0,1.0,1.0,1.0,1.0,1.0,1.0,1.0,1.0
dso,g0002,first_principles_hubble,5,1.0,1.0,0.0,0.0,0.0,0.0,1.0,0.3666666666666667,0.1366666666666667
dso,g0003,feynman-ii.27.18,5,1.0,1.0,0.0,0.0,0.0,0.0,0.6333333333333333,0.6095238095238096,0.12428571428571429
dso,g0004,Korns-4,5,1.0,1.0,0.0,0.0,0.0,0.0,0.2333333333333333,0.6814285714285714,0.09147619047619049
dso,g0005,Keijzer-11,5,0.4,1.0,0.0,0.0,0.0,0.033333333333333326,0.6666666666666666,0.6571428571428571,0.05523809523809524
dso,g0006,Keijzer-2,5,1.0,1.0,0.0,0.0,0.0,0.0,1.0,0.4704761904761904,0.14704761904761904
dso,g0007,Korns-2,5,1.0,1.0,0.0,0.0,0.0,0.0,0.3333333333333333,1.0,0.13333333333333333
dso,g0008,Nguyen-12,5,1.0,1.0,0.0,0.0,0.0,0.011764705882352944,0.6666666666666666,0.7033333333333333,0.14052941176470587
dso,g0009,Nguyen-6,5,1.0,1.0,1.0,1.0,1.0,1.0,1.0,1.0,1.0
dso,g0010,Nguyen-9,5,1.0,1.0,0.0,0.0,0.0,0.8571428571428573,0.6666666666666666,1.0,0.4238095238095239
dso,g0011,Vladislavleva-4,5,0.8,1.0,0.0,0.0,0.0,0.032258064516129045,0.38095238095238104,0.5190476190476191,0.0782488479262673
dso,g0012,feynman_I_27_6,5,1.0,1.0,1.0,1.0,1.0,0.0,1.0,1.0,1.0
dso,g0013,feynman-i.43.31,5,1.0,1.0,0.0,0.0,0.0,0.0,0.8,0.24761904761904763,0.10476190476190476
dso,g0014,feynman-ii.34.11,5,1.0,1.0,0.0,0.0,0.0,0.075,0.8255555555555556,0.58,0.16305555555555556
dso,g0015,III.21.20_3_0,5,1.0,1.0,1.0,1.0,1.0,0.8,1.0,0.96,1.0
dso,g0016,feynman_II_15_4,5,1.0,1.0,0.8,0.8,0.8,0.8,1.0,0.96,0.836
dso,g0017,strogatz_shearflow1,5,1.0,1.0,0.8,0.8,0.8,0.5142857142857142,1.0,0.7333333333333333,0.8504761904761905
dso,g0018,feynman-i.18.16,5,1.0,1.0,0.6,0.6,0.6,0.6,0.9377777777777778,0.8666666666666666,0.6604444444444445
dso,g0019,feynman-ii.34.2a,5,1.0,1.0,0.0,0.0,0.0,0.0,0.7928571428571428,0.48888888888888893,0.12817460317460316
dso,g0020,first_principles_leavitt,5,1.0,1.0,0.0,0.0,0.0,0.0,1.0,0.5761904761904763,0.15761904761904763
dso,g0021,feynman-i.39.22,5,1.0,1.0,0.0,0.0,0.0,0.02857142857142858,0.9428571428571428,0.6552380952380952,0.16838095238095238
dso,g0022,feynman-i.11.19,5,1.0,1.0,0.4,0.4,0.4,0.6599999999999999,0.8509090909090908,0.96,0.5790909090909091
dso,g0023,I.11.19_4_0,5,1.0,1.0,0.0,0.0,0.0,0.2533333333333333,0.8400000000000001,0.9714285714285713,0.2571428571428572
dso,g0024,strogatz_predprey2,5,1.0,1.0,0.0,0.0,0.0,0.0,1.0,0.6857142857142857,0.1685714285714286
dso,g0025,strogatz_barmag2,5,1.0,1.0,0.0,0.0,0.0,0.03076923076923077,1.0,0.5769841269841269,0.16692918192918194
dso,g0026,strogatz_barmag1,5,0.8,1.0,0.0,0.0,0.0,0.0,0.6666666666666666,0.7,0.11000000000000001
dso,g0027,feynman_I_12_11,5,1.0,1.0,1.0,1.0,1.0,1.0,1.0,1.0,1.0
dso,g0028,feynman-ii.4.23,5,0.8,1.0,0.0,0.0,0.0,0.0,1.0,0.45777777777777773,0.1168888888888889
dso,g0029,strogatz_vdp1,5,1.0,1.0,0.0,0.0,0.0,0.8,1.0,0.95,0.43499999999999994
dso,g0030,feynman-iii.7.38,5,1.0,1.0,0.0,0.0,0.0,0.0,1.0,0.27142857142857146,0.12714285714285717
dso,g0031,II.11.27_1_0,5,1.0,1.0,0.0,0.0,0.0,0.3428571428571428,1.0,0.6476190476190476,0.2676190476190476
dso,g0032,feynman-i.13.12,5,1.0,1.0,0.0,1.0,1.0,0.0,0.13333333333333333,0.05714285714285715,1.0
dso,g0033,feynman-iii.10.19,5,1.0,1.0,0.0,0.4,0.4,0.0,0.48,0.4976190476190476,0.4630952380952381
dso,g0034,CRK11,5,1.0,1.0,0.0,0.0,0.0,0.0,0.9333333333333332,0.7166666666666667,0.165
dso,g0035,feynman-i.32.5,5,1.0,1.0,0.0,0.0,0.0,0.0,0.7333333333333333,0.41904761904761906,0.11523809523809525
dso,g0036,CRK10,5,1.0,1.0,0.0,0.0,0.0,0.0,0.6666666666666666,0.6688888888888889,0.13355555555555557
dso,g0037,CRK34,5,1.0,1.0,0.0,0.0,0.0,0.0,0.6666666666666666,0.7619047619047619,0.14285714285714285
dso,g0038,PO19,5,1.0,1.0,0.0,0.0,0.0,0.0,1.0,0.47777777777777775,0.14777777777777779
dso,g0039,CRK0,5,1.0,1.0,0.0,0.0,0.0,0.09,0.8,0.8,0.187
dso,g0040,feynman-i.29.16,5,1.0,1.0,0.0,0.0,0.0,0.0,0.6666666666666666,0.75,0.14166666666666666
dso,g0041,PO41,5,1.0,1.0,0.0,0.0,0.0,0.0,1.0,0.6290909090909091,0.16290909090909095
dso,g0042,feynman_test_15,5,1.0,1.0,0.0,0.0,0.0,0.008000000000000007,0.7333333333333333,0.8732323232323231,0.16305656565656565
dso,g0043,CRK33,5,1.0,1.0,0.0,0.0,0.0,0.0,0.7333333333333333,0.6666666666666666,0.13999999999999999
dso,g0044,feynman-i.15.3t,5,1.0,1.0,0.0,0.0,0.0,0.0,0.4066666666666666,0.6857142857142857,0.10923809523809525
dso,g0045,feynman-bonus.20,5,0.8,1.0,0.0,0.0,0.0,0.02857142857142858,0.6476190476190476,0.7988888888888889,0.11988888888888889
dso,g0046,II.6.15b_3_0,5,1.0,1.0,0.0,0.0,0.0,0.07272727272727272,0.7561904761904762,0.5745454545454545,0.1548917748917749
dso,g0047,BPG5,5,1.0,1.0,0.0,0.0,0.0,0.0,0.6666666666666666,0.7761904761904761,0.1442857142857143
dso,g0048,MatSci21,5,1.0,1.0,0.0,0.0,0.0,0.011111111111111117,1.0,0.819047619047619,0.18523809523809526
dso,g0049,BPG3,5,1.0,1.0,0.0,0.0,0.0,0.09565217391304345,0.8666666666666666,0.6857142857142857,0.1839337474120083
dso,g0050,BPG9,5,1.0,1.0,0.0,0.0,0.0,0.0,0.6666666666666666,0.7333333333333332,0.13999999999999999
e2esr,g0001,II.34.2_1_0,5,1.0,1.0,0.0,0.0,0.0,0.0,1.0,0.8,0.18000000000000002
e2esr,g0002,first_principles_hubble,5,1.0,1.0,0.0,0.0,0.0,0.0,1.0,0.44000000000000006,0.144
e2esr,g0003,feynman-ii.27.18,5,0.2,1.0,0.0,0.0,0.0,0.0,0.5,0.5571428571428572,0.021428571428571432
e2esr,g0004,Korns-4,5,1.0,1.0,0.0,0.0,0.0,0.0,0.4,0.7523809523809524,0.11523809523809522
e2esr,g0005,Keijzer-11,5,1.0,1.0,0.0,0.0,0.0,0.0,0.6666666666666666,0.6285714285714286,0.12952380952380954
e2esr,g0006,Keijzer-2,5,1.0,1.0,0.0,0.0,0.0,0.0,1.0,0.4309523809523809,0.1430952380952381
e2esr,g0007,Korns-2,5,1.0,1.0,0.0,0.0,0.0,0.0,0.5714285714285715,0.9714285714285713,0.1542857142857143
e2esr,g0008,Nguyen-12,5,1.0,1.0,0.0,0.0,0.0,0.0,0.6666666666666666,0.6095238095238096,0.1276190476190476
e2esr,g0009,Nguyen-6,5,1.0,1.0,0.0,0.0,0.0,0.0,1.0,0.5333333333333333,0.15333333333333332
e2esr,g0010,Nguyen-9,5,1.0,1.0,0.0,0.0,0.0,0.0,0.6666666666666666,0.6190476190476191,0.1285714285714286
e2esr,g0011,Vladislavleva-4,5,1.0,1.0,0.0,0.0,0.0,0.0,0.888888888888889,0.8571428571428571,0.17460317460317462
e2esr,g0012,feynman_I_27_6,5,1.0,1.0,0.0,0.0,0.0,0.0,1.0,0.9428571428571428,0.1942857142857143
e2esr,g0013,feynman-i.43.31,5,0.2,1.0,0.0,0.0,0.0,0.0,1.0,0.5666666666666667,0.03333333333333333
e2esr,g0014,feynman-ii.34.11,5,0.0,1.0,0.0,0.0,0.0,0.0,0.7272727272727273,0.700952380952381,0.0
e2esr,g0015,III.21.20_3_0,5,1.0,1.0,0.0,0.0,0.0,0.0,1.0,0.7733333333333333,0.17733333333333334
e2esr,g0016,feynman_II_15_4,5,1.0,1.0,0.0,0.0,0.0,0.0,1.0,0.8,0.18000000000000002
e2esr,g0017,strogatz_shearflow1,5,1.0,1.0,0.0,0.0,0.0,0.0,1.0,0.6611111111111111,0.16611111111111113
e2esr,g0018,feynman-i.18.16,5,0.4,1.0,0.0,0.0,0.0,0.0,0.8,0.3333333333333333,0.04533333333333334
e2esr,g0019,feynman-ii.34.2a,5,0.2,1.0,0.0,0.0,0.0,0.0,0.7499999999999999,0.5714285714285715,0.02642857142857143
e2esr,g0020,first_principles_leavitt,5,1.0,1.0,0.0,0.0,0.0,0.0,1.0,0.6666666666666666,0.16666666666666666
e2esr,g0021,feynman-i.39.22,5,0.2,1.0,0.0,0.0,0.0,0.0,0.7499999999999999,0.6298412698412699,0.031
e2esr,g0022,feynman-i.11.19,5,0.0,1.0,0.0,0.0,0.0,0.0,0.8571428571428571,1.0,0.0
e2esr,g0023,I.11.19_4_0,5,1.0,1.0,0.0,0.0,0.0,0.0,1.0,0.9714285714285713,0.19714285714285715
e2esr,g0024,strogatz_predprey2,5,1.0,1.0,0.0,0.0,0.0,0.0,1.0,0.7047619047619047,0.17047619047619048
e2esr,g0025,strogatz_barmag2,5,1.0,1.0,0.0,0.0,0.0,0.0,1.0,0.5650793650793651,0.15650793650793654
e2esr,g0026,strogatz_barmag1,5,1.0,1.0,0.0,0.0,0.0,0.0,1.0,0.6333333333333334,0.16333333333333336
e2esr,g0027,feynman_I_12_11,5,1.0,1.0,0.0,0.0,0.0,0.0,1.0,1.0,0.2
e2esr,g0028,feynman-ii.4.23,5,1.0,1.0,0.0,0.0,0.0,0.0,1.0,0.6142857142857142,0.16142857142857142
e2esr,g0029,strogatz_vdp1,5,1.0,1.0,0.0,0.0,0.0,0.0,1.0,1.0,0.2
e2esr,g0030,feynman-iii.7.38,5,1.0,1.0,0.0,0.0,0.0,0.0,1.0,0.3504761904761905,0.13504761904761903
e2esr,g0031,II.11.27_1_0,5,0.6,1.0,0.0,0.0,0.0,0.0,1.0,0.8642857142857142,0.11142857142857143
e2esr,g0032,feynman-i.13.12,5,1.0,1.0,0.0,0.0,0.0,0.0,1.0,0.6924242424242424,0.16924242424242425
e2esr,g0033,feynman-iii.10.19,5,0.2,1.0,0.0,0.0,0.0,0.0,0.8,0.6666666666666666,0.02933333333333334
e2esr,g0034,CRK11,5,1.0,1.0,0.0,0.0,0.0,0.0,0.6666666666666666,0.5317460317460319,0.11984126984126983
e2esr,g0035,feynman-i.32.5,5,0.0,1.0,0.0,0.0,0.0,0.0,1.0,0.4,0.0
e2esr,g0036,CRK10,5,1.0,1.0,0.0,0.0,0.0,0.0,0.6666666666666666,0.5,0.11666666666666665
e2esr,g0037,CRK34,5,1.0,1.0,0.0,0.0,0.0,0.0,0.6666666666666666,0.6833333333333333,0.135
e2esr,g0038,PO19,5,1.0,1.0,0.0,0.0,0.0,0.0,0.8,0.5428571428571429,0.13428571428571429
e2esr,g0039,CRK0,5,1.0,1.0,0.0,0.0,0.0,0.039999999999999994,0.6666666666666666,0.7247619047619047,0.15114285714285716
e2esr,g0040,feynman-i.29.16,5,1.0,1.0,0.0,0.0,0.0,0.0,1.0,0.7222222222222221,0.17222222222222222
e2esr,g0041,PO41,5,1.0,1.0,0.0,0.0,0.0,0.0,0.8,0.6444444444444444,0.14444444444444446
e2esr,g0042,feynman_test_15,5,1.0,1.0,0.0,0.0,0.0,0.0,1.0,0.8057142857142857,0.18057142857142858
e2esr,g0043,CRK33,5,1.0,1.0,0.0,0.0,0.0,0.0,1.0,0.6142857142857142,0.16142857142857142
e2esr,g0044,feynman-i.15.3t,5,0.0,1.0,0.0,0.0,0.0,0.0,0.7499999999999999,0.8547619047619047,0.0
e2esr,g0045,feynman-bonus.20,5,0.0,1.0,0.0,0.0,0.0,0.0,0.6333333333333333,0.6533333333333333,0.0
e2esr,g0046,II.6.15b_3_0,5,1.0,1.0,0.0,0.0,0.0,0.0,0.9714285714285715,0.557979797979798,0.152940836940837
e2esr,g0047,BPG5,5,1.0,1.0,0.0,0.0,0.0,0.0,0.4,0.7547619047619046,0.11547619047619047
e2esr,g0048,MatSci21,5,1.0,1.0,0.0,0.0,0.0,0.0,1.0,0.8114285714285714,0.18114285714285716
e2esr,g0049,BPG3,5,1.0,1.0,0.0,0.0,0.0,0.0,0.6666666666666666,0.729047619047619,0.1395714285714286
e2esr,g0050,BPG9,5,1.0,1.0,0.0,0.0,0.0,0.0,0.6666666666666666,0.6222222222222222,0.1288888888888889
gplearn,g0001,II.34.2_1_0,5,1.0,1.0,0.2,0.2,0.2,0.2,1.0,0.7476190476190476,0.33476190476190476
gplearn,g0002,first_principles_hubble,5,1.0,0.8,0.0,0.0,0.0,0.0,0.8,0.17777777777777776,0.09777777777777778
gplearn,g0003,feynman-ii.27.18,5,1.0,1.0,0.0,0.0,0.0,0.0,0.0,0.13333333333333333,0.013333333333333332
gplearn,g0004,Korns-4,5,1.0,1.0,0.0,0.0,0.0,0.2666666666666667,0.0,0.29523809523809524,0.10952380952380954
gplearn,g0005,Keijzer-11,5,1.0,1.0,0.0,0.0,0.0,0.0,0.6666666666666666,0.6614285714285714,0.13280952380952382
gplearn,g0006,Keijzer-2,5,1.0,1.0,0.0,0.0,0.0,0.2,1.0,0.5253968253968254,0.21253968253968258
gplearn,g0007,Korns-2,5,1.0,1.0,0.0,0.0,0.0,0.0,0.523809523809524,0.7880952380952381,0.13119047619047622
gplearn,g0008,Nguyen-12,5,1.0,1.0,0.0,0.0,0.0,0.03529411764705883,0.6666666666666666,0.699047619047619,0.14715966386554621
gplearn,g0009,Nguyen-6,5,1.0,1.0,0.2,0.2,0.2,0.2,1.0,0.7547619047619047,0.3354761904761905
gplearn,g0010,Nguyen-9,5,1.0,1.0,0.0,0.0,0.0,0.34285714285714286,0.6666666666666666,0.7809523809523811,0.24761904761904763
gplearn,g0011,Vladislavleva-4,5,1.0,1.0,0.0,0.0,0.0,0.0,0.0,0.0,0.0
gplearn,g0012,feynman_I_27_6,5,1.0,1.0,0.2,0.2,0.2,0.0,1.0,0.7833333333333333,0.3383333333333333
gplearn,g0013,feynman-i.43.31,5,1.0,1.0,0.0,0.0,0.0,0.0,0.6,0.36666666666666664,0.09666666666666666
gplearn,g0014,feynman-ii.34.11,5,1.0,1.0,0.0,0.0,0.0,0.0,0.6642424242424243,0.5619047619047619,0.12261471861471862
gplearn,g0015,III.21.20_3_0,5,1.0,1.0,0.2,0.2,0.2,0.375,1.0,0.8333333333333334,0.39583333333333337
gplearn,g0016,feynman_II_15_4,5,1.0,1.0,0.4,0.4,0.4,0.5,1.0,0.7488888888888889,0.5248888888888888
gplearn,g0017,strogatz_shearflow1,5,1.0,1.0,0.0,0.0,0.0,0.0,0.8,0.4922222222222222,0.1292222222222222
gplearn,g0018,feynman-i.18.16,5,1.0,1.0,0.8,0.8,0.8,0.8,1.0,0.9142857142857143,0.8314285714285715
gplearn,g0019,feynman-ii.34.2a,5,1.0,1.0,0.0,0.0,0.0,0.0,0.7333333333333332,0.45575757575757575,0.1189090909090909
gplearn,g0020,first_principles_leavitt,5,1.0,1.0,0.0,0.0,0.0,0.0,1.0,0.5904761904761905,0.15904761904761905
gplearn,g0021,feynman-i.39.22,5,1.0,0.6,0.0,0.0,0.0,0.0,0.49285714285714277,0.3285714285714286,0.08214285714285716
gplearn,g0022,feynman-i.11.19,5,1.0,1.0,0.4,0.4,0.4,0.4,0.7,0.8,0.47000000000000003
gplearn,g0023,I.11.19_4_0,5,1.0,1.0,0.0,0.0,0.0,0.0,1.0,0.7166666666666666,0.1716666666666667
gplearn,g0024,strogatz_predprey2,5,1.0,1.0,0.0,0.0,0.0,0.0,1.0,0.65,0.16499999999999998
gplearn,g0025,strogatz_barmag2,5,1.0,1.0,0.0,0.0,0.0,0.04615384615384614,0.8,0.8928571428571429,0.18313186813186816
gplearn,g0026,strogatz_barmag1,5,1.0,1.0,0.0,0.0,0.0,0.03076923076923077,0.7333333333333333,0.7976190476190476,0.16232600732600733
gplearn,g0027,feynman_I_12_11,5,1.0,1.0,0.6,0.6,0.6,0.4,1.0,0.9047619047619048,0.6704761904761904
gplearn,g0028,feynman-ii.4.23,5,1.0,0.8,0.0,0.0,0.0,0.0,0.8,0.38686868686868686,0.11868686868686869
gplearn,g0029,strogatz_vdp1,5,1.0,1.0,0.0,0.0,0.0,0.0,1.0,0.6833333333333333,0.16833333333333333
gplearn,g0030,feynman-iii.7.38,5,1.0,0.8,0.0,0.0,0.0,0.0,0.6666666666666666,0.23333333333333334,0.09
gplearn,g0031,II.11.27_1_0,5,1.0,1.0,0.0,0.0,0.0,0.0,1.0,0.7333333333333332,0.17333333333333334
gplearn,g0032,feynman-i.13.12,5,1.0,1.0,0.0,0.8,0.8,0.0,0.0,0.0,0.8
gplearn,g0033,feynman-iii.10.19,5,1.0,1.0,0.0,0.2,0.2,0.01428571428571428,0.24000000000000005,0.16,0.2362857142857143
gplearn,g0034,CRK11,5,1.0,1.0,0.0,0.0,0.0,0.06666666666666668,0.4,0.3333333333333333,0.09333333333333334
gplearn,g0035,feynman-i.32.5,5,1.0,1.0,0.0,0.0,0.0,0.0,0.0,0.0,0.0
gplearn,g0036,CRK10,5,1.0,1.0,0.0,0.0,0.0,0.09230769230769229,0.6,0.5985714285714285,0.14754945054945057
gplearn,g0037,CRK34,5,1.0,1.0,0.0,0.0,0.0,0.018181818181818188,0.8666666666666666,0.5633333333333332,0.14845454545454545
gplearn,g0038,PO19,5,1.0,1.0,0.0,0.0,0.0,0.0,0.9333333333333332,0.523809523809524,0.14571428571428574
gplearn,g0039,CRK0,5,1.0,1.0,0.0,0.0,0.0,0.0,0.0,0.16,0.016000000000000004
gplearn,g0040,feynman-i.29.16,5,1.0,1.0,0.0,0.0,0.0,0.09473684210526316,0.8,0.7961904761904762,0.1880401002506266
gplearn,g0041,PO41,5,1.0,1.0,0.0,0.0,0.0,0.05555555555555556,1.0,0.5,0.16666666666666669
gplearn,g0042,feynman_test_15,5,1.0,1.0,0.0,0.0,0.0,0.0,0.718095238095238,0.6033333333333333,0.13214285714285717
gplearn,g0043,CRK33,5,1.0,1.0,0.0,0.0,0.0,0.0,0.8666666666666666,0.711111111111111,0.15777777777777777
gplearn,g0044,feynman-i.15.3t,5,1.0,1.0,0.0,0.0,0.0,0.0,0.5,0.0,0.05
gplearn,g0045,feynman-bonus.20,5,1.0,1.0,0.0,0.0,0.0,0.0,0.0,0.0,0.0
gplearn,g0046,II.6.15b_3_0,5,1.0,1.0,0.0,0.0,0.0,0.08181818181818183,0.8666666666666666,0.7187878787878788,0.1830909090909091
gplearn,g0047,BPG5,5,1.0,1.0,0.0,0.0,0.0,0.0,0.7333333333333333,0.7595238095238095,0.1492857142857143
gplearn,g0048,MatSci21,5,1.0,1.0,0.0,0.0,0.0,0.0,1.0,0.5915151515151515,0.15915151515151515
gplearn,g0049,BPG3,5,1.0,1.0,0.0,0.0,0.0,0.0,1.0,0.5,0.15000000000000002
gplearn,g0050,BPG9,5,1.0,1.0,0.0,0.0,0.0,0.033333333333333326,1.0,0.4038095238095238,0.1503809523809524
imcts,g0001,II.34.2_1_0,5,1.0,1.0,0.0,0.8,0.8,0.6,1.0,0.8933333333333333,0.8333333333333334
imcts,g0002,first_principles_hubble,5,1.0,1.0,0.0,0.0,0.0,0.0,1.0,0.29523809523809524,0.1295238095238095
imcts,g0003,feynman-ii.27.18,5,1.0,1.0,0.0,0.4,0.4,0.4,0.8,0.780952380952381,0.4780952380952381
imcts,g0004,Korns-4,5,1.0,1.0,0.0,0.0,0.0,0.7333333333333334,0.0,0.9333333333333332,0.31333333333333335
imcts,g0005,Keijzer-11,5,1.0,1.0,0.0,0.0,0.0,0.15,0.6666666666666666,0.819047619047619,0.19357142857142856
imcts,g0006,Keijzer-2,5,1.0,1.0,0.0,1.0,1.0,0.48571428571428577,1.0,0.8800000000000001,1.0
imcts,g0007,Korns-2,5,1.0,1.0,0.0,0.0,0.0,0.0,0.3333333333333333,1.0,0.13333333333333333
imcts,g0008,Nguyen-12,5,1.0,1.0,0.0,0.0,0.0,0.6823529411764706,0.6666666666666666,0.9214285714285714,0.363515406162465
imcts,g0009,Nguyen-6,5,1.0,1.0,0.0,1.0,1.0,0.0,1.0,0.7714285714285714,1.0
imcts,g0010,Nguyen-9,5,1.0,1.0,0.0,0.0,0.0,0.0,0.6666666666666666,0.7928571428571428,0.14595238095238097
imcts,g0011,Vladislavleva-4,5,1.0,1.0,0.0,0.0,0.0,0.0,0.888888888888889,0.8142857142857143,0.17031746031746034
imcts,g0012,feynman_I_27_6,5,1.0,1.0,0.0,0.0,0.0,0.0,1.0,0.8857142857142858,0.18857142857142856
imcts,g0013,feynman-i.43.31,5,1.0,1.0,0.0,1.0,1.0,0.8,1.0,0.9333333333333333,1.0
imcts,g0014,feynman-ii.34.11,5,1.0,1.0,0.0,0.6,0.6,0.2,0.9555555555555555,0.7942857142857143,0.662984126984127
imcts,g0015,III.21.20_3_0,5,1.0,1.0,0.0,0.6,0.6,0.4,1.0,0.8076190476190476,0.6647619047619047
imcts,g0016,feynman_II_15_4,5,1.0,1.0,0.0,0.8,0.8,0.2,1.0,0.76,0.8333333333333334
imcts,g0017,strogatz_shearflow1,5,1.0,1.0,0.0,0.6,0.6,0.02857142857142858,1.0,0.6499999999999999,0.6683333333333333
imcts,g0018,feynman-i.18.16,5,1.0,1.0,0.2,0.8,0.8,0.3666666666666667,0.9777777777777779,0.8800000000000001,0.8337777777777777
imcts,g0019,feynman-ii.34.2a,5,1.0,1.0,0.0,0.0,0.0,0.26,0.5428571428571428,0.681904761904762,0.20047619047619047
imcts,g0020,first_principles_leavitt,5,1.0,1.0,0.0,0.0,0.0,0.0,1.0,0.5428571428571429,0.1542857142857143
imcts,g0021,feynman-i.39.22,5,1.0,1.0,0.0,0.0,0.0,0.34285714285714286,0.3333333333333333,0.9199999999999999,0.2281904761904762
imcts,g0022,feynman-i.11.19,5,1.0,1.0,0.6,1.0,1.0,0.96,1.0,1.0,1.0
imcts,g0023,I.11.19_4_0,5,1.0,1.0,0.0,0.0,0.0,0.0,0.8618181818181819,0.8642857142857142,0.1726103896103896
imcts,g0024,strogatz_predprey2,5,1.0,1.0,0.0,0.6,0.6,0.0,1.0,1.0,0.6799999999999999
imcts,g0025,strogatz_barmag2,5,1.0,1.0,0.0,1.0,1.0,0.6153846153846154,1.0,0.9428571428571428,1.0
imcts,g0026,strogatz_barmag1,5,1.0,1.0,0.0,0.8,0.8,0.3230769230769231,1.0,0.8261904761904761,0.835
imcts,g0027,feynman_I_12_11,5,1.0,1.0,0.0,0.0,0.0,0.0,0.888888888888889,0.9314285714285713,0.18203174603174604
imcts,g0028,feynman-ii.4.23,5,1.0,1.0,0.0,1.0,1.0,0.31111111111111117,1.0,0.72,1.0
imcts,g0029,strogatz_vdp1,5,1.0,1.0,0.0,1.0,1.0,0.5166666666666666,1.0,1.0,1.0
imcts,g0030,feynman-iii.7.38,5,1.0,1.0,0.0,0.4,0.4,0.0,1.0,0.3838095238095238,0.4846666666666667
imcts,g0031,II.11.27_1_0,5,1.0,1.0,0.0,0.0,0.0,0.07142857142857142,0.9714285714285713,0.8428571428571427,0.20285714285714285
imcts,g0032,feynman-i.13.12,5,1.0,1.0,0.0,1.0,1.0,0.0,1.0,0.9714285714285713,1.0
imcts,g0033,feynman-iii.10.19,5,1.0,1.0,0.0,0.0,0.0,0.0,0.75,0.819047619047619,0.15690476190476194
imcts,g0034,CRK11,5,0.6,1.0,0.0,0.0,0.0,0.016666666666666673,0.0,0.7714285714285715,0.047142857142857146
imcts,g0035,feynman-i.32.5,5,1.0,1.0,0.0,1.0,1.0,0.2909090909090909,1.0,0.681904761904762,1.0
imcts,g0036,CRK10,5,0.8,1.0,0.0,0.0,0.0,0.0,0.0,0.7822222222222222,0.060444444444444446
imcts,g0037,CRK34,5,0.4,1.0,0.0,0.0,0.0,0.0,0.0,0.7976190476190476,0.03214285714285714
imcts,g0038,PO19,5,1.0,1.0,0.0,0.0,0.0,0.0,1.0,0.5365079365079366,0.15365079365079365
imcts,g0039,CRK0,5,0.6,1.0,0.0,0.0,0.0,0.13,0.0,0.7476190476190476,0.09233333333333334
imcts,g0040,feynman-i.29.16,5,1.0,1.0,0.0,0.0,0.0,0.0,0.6666666666666666,0.8571428571428571,0.1523809523809524
imcts,g0041,PO41,5,1.0,1.0,0.0,0.0,0.0,0.0,1.0,0.7066666666666667,0.1706666666666667
imcts,g0042,feynman_test_15,5,1.0,1.0,0.0,0.0,0.0,0.03200000000000001,0.838095238095238,0.95,0.1884095238095238
imcts,g0043,CRK33,5,1.0,1.0,0.0,0.0,0.0,0.0,0.7333333333333333,0.7333333333333332,0.14666666666666667
imcts,g0044,feynman-i.15.3t,5,1.0,1.0,0.0,0.0,0.0,0.025,0.14666666666666667,0.5914285714285714,0.08130952380952382
imcts,g0045,feynman-bonus.20,5,1.0,1.0,0.0,0.0,0.0,0.07142857142857142,0.4533333333333333,0.6476190476190475,0.13152380952380952
imcts,g0046,II.6.15b_3_0,5,1.0,1.0,0.0,0.0,0.0,0.045454545454545435,0.5066666666666666,0.5565079365079365,0.11995382395382395
imcts,g0047,BPG5,5,1.0,1.0,0.0,0.0,0.0,0.09999999999999998,0.0,1.0,0.13
imcts,g0048,MatSci21,5,1.0,1.0,0.0,0.0,0.0,0.0,1.0,0.7999999999999999,0.18000000000000002
imcts,g0049,BPG3,5,1.0,1.0,0.0,0.0,0.0,0.026086956521739136,0.0,0.6666666666666666,0.07449275362318841
imcts,g0050,BPG9,5,1.0,1.0,0.0,0.0,0.0,0.05333333333333332,0.0,0.6476190476190476,0.08076190476190476
llmsr,g0001,II.34.2_1_0,5,1.0,1.0,0.0,0.6,0.6,0.4,1.0,0.8800000000000001,0.6719999999999999
llmsr,g0002,first_principles_hubble,5,1.0,1.0,0.0,0.0,0.0,0.0,1.0,0.4038095238095238,0.14038095238095238
llmsr,g0003,feynman-ii.27.18,5,1.0,1.0,0.0,0.2,0.2,0.36,0.8333333333333334,0.7866666666666667,0.37
llmsr,g0004,Korns-4,5,1.0,1.0,0.0,0.0,0.0,0.0,0.4,0.7333333333333332,0.11333333333333333
llmsr,g0005,Keijzer-11,5,0.8,1.0,0.0,0.0,0.0,0.0,0.6666666666666666,0.7080952380952381,0.11214285714285714
llmsr,g0006,Keijzer-2,5,1.0,1.0,0.0,0.0,0.0,0.0,1.0,0.45999999999999996,0.146
llmsr,g0007,Korns-2,5,1.0,1.0,0.0,0.0,0.0,0.0,0.5371428571428571,0.8699999999999999,0.14071428571428574
llmsr,g0008,Nguyen-12,5,0.8,1.0,0.0,0.0,0.0,0.31764705882352945,0.6666666666666666,0.7923076923076924,0.21862745098039213
llmsr,g0009,Nguyen-6,5,1.0,1.0,0.0,0.0,0.0,0.0,1.0,0.7,0.16999999999999998
llmsr,g0010,Nguyen-9,5,1.0,1.0,0.0,0.0,0.0,0.0,0.6666666666666666,0.6209523809523809,0.12876190476190477
llmsr,g0011,Vladislavleva-4,5,0.8,1.0,0.0,0.0,0.0,0.0,0.888888888888889,0.7533333333333333,0.13444444444444445
llmsr,g0012,feynman_I_27_6,5,1.0,1.0,0.0,0.0,0.0,0.0,1.0,0.9047619047619048,0.1904761904761905
llmsr,g0013,feynman-i.43.31,5,1.0,1.0,0.0,0.0,0.0,0.0,0.9333333333333333,0.48,0.14133333333333334
llmsr,g0014,feynman-ii.34.11,5,1.0,1.0,0.0,0.0,0.0,0.0,0.5952380952380952,0.72,0.13152380952380952
llmsr,g0015,III.21.20_3_0,5,0.8,1.0,0.0,0.0,0.0,0.0,1.0,0.76,0.14266666666666666
llmsr,g0016,feynman_II_15_4,5,1.0,1.0,1.0,1.0,1.0,1.0,1.0,1.0,1.0
llmsr,g0017,strogatz_shearflow1,5,1.0,1.0,0.0,0.0,0.0,0.0,1.0,0.5866666666666667,0.15866666666666668
llmsr,g0018,feynman-i.18.16,5,1.0,1.0,0.0,0.2,0.2,0.09999999999999998,1.0,0.7733333333333333,0.37133333333333335
llmsr,g0019,feynman-ii.34.2a,5,1.0,1.0,0.0,0.0,0.0,0.0,0.6309523809523809,0.6666666666666666,0.12976190476190477
llmsr,g0020,first_principles_leavitt,5,1.0,1.0,0.0,0.0,0.0,0.0,1.0,0.5476190476190477,0.1547619047619048
llmsr,g0021,feynman-i.39.22,5,1.0,1.0,0.0,0.0,0.0,0.0,0.6785714285714286,0.6742857142857144,0.1352857142857143
llmsr,g0022,feynman-i.11.19,5,1.0,1.0,0.0,0.0,0.0,0.18,0.8228571428571427,1.0,0.2362857142857143
llmsr,g0023,I.11.19_4_0,5,1.0,1.0,0.0,0.0,0.0,0.0,1.0,0.8800000000000001,0.188
llmsr,g0024,strogatz_predprey2,5,1.0,1.0,0.0,0.4,0.4,0.0,1.0,0.9714285714285713,0.52
llmsr,g0025,strogatz_barmag2,5,1.0,1.0,0.0,0.8,0.8,0.16923076923076924,1.0,0.8357142857142856,0.8371428571428572
llmsr,g0026,strogatz_barmag1,5,1.0,1.0,0.0,1.0,1.0,0.03076923076923077,1.0,0.8571428571428571,1.0
llmsr,g0027,feynman_I_12_11,5,1.0,1.0,0.8,0.8,0.8,0.7333333333333333,1.0,0.9714285714285713,0.8371428571428572
llmsr,g0028,feynman-ii.4.23,5,1.0,1.0,0.0,0.4,0.4,0.2666666666666667,1.0,0.8314285714285713,0.5481428571428572
llmsr,g0029,strogatz_vdp1,5,1.0,1.0,0.0,0.6,0.6,0.18333333333333332,1.0,0.95,0.6799999999999999
llmsr,g0030,feynman-iii.7.38,5,1.0,1.0,0.0,0.0,0.0,0.0,1.0,0.43714285714285717,0.14371428571428574
llmsr,g0031,II.11.27_1_0,5,1.0,1.0,0.0,0.0,0.0,0.07142857142857142,1.0,1.0,0.22142857142857145
llmsr,g0032,feynman-i.13.12,5,1.0,1.0,0.0,0.0,0.0,0.0615384615384615,1.0,0.7733333333333333,0.1957948717948718
llmsr,g0033,feynman-iii.10.19,5,1.0,1.0,0.0,0.2,0.2,0.0,0.52,0.68,0.32
llmsr,g0034,CRK11,5,1.0,1.0,0.0,0.0,0.0,0.0,0.6666666666666666,0.78,0.14466666666666667
llmsr,g0035,feynman-i.32.5,5,1.0,1.0,0.0,0.0,0.0,0.05454545454545454,1.0,0.6285714285714286,0.17922077922077922
llmsr,g0036,CRK10,5,1.0,1.0,0.0,0.0,0.0,0.0,0.6666666666666666,0.7030303030303029,0.13696969696969696
llmsr,g0037,CRK34,5,1.0,1.0,0.0,0.0,0.0,0.12727272727272726,0.6666666666666666,0.7595238095238095,0.1808008658008658
llmsr,g0038,PO19,5,1.0,1.0,0.0,0.0,0.0,0.0,0.8,0.5460317460317461,0.1346031746031746
llmsr,g0039,CRK0,5,1.0,1.0,0.0,0.0,0.0,0.0,0.6666666666666666,0.7461904761904761,0.1412857142857143
llmsr,g0040,feynman-i.29.16,5,1.0,1.0,0.0,0.0,0.0,0.0,1.0,0.8055555555555556,0.18055555555555555
llmsr,g0041,PO41,5,1.0,1.0,0.0,0.0,0.0,0.0,0.8,0.7185314685314685,0.15185314685314685
llmsr,g0042,feynman_test_15,5,1.0,1.0,0.0,0.2,0.2,0.25599999999999995,1.0,0.9377777777777778,0.37297777777777774
llmsr,g0043,CRK33,5,1.0,1.0,0.0,0.0,0.0,0.042105263157894736,1.0,0.6787878787878787,0.1805103668261563
llmsr,g0044,feynman-i.15.3t,5,1.0,1.0,0.0,0.0,0.0,0.0875,0.32,0.76,0.13424999999999998
llmsr,g0045,feynman-bonus.20,5,1.0,1.0,0.0,0.0,0.0,0.08571428571428572,0.4666666666666666,0.7777777777777777,0.15015873015873016
llmsr,g0046,II.6.15b_3_0,5,1.0,1.0,0.0,0.0,0.0,0.0,1.0,0.6054545454545455,0.16054545454545457
llmsr,g0047,BPG5,5,1.0,1.0,0.0,0.0,0.0,0.2,0.26666666666666666,0.9142857142857143,0.1780952380952381
llmsr,g0048,MatSci21,5,1.0,1.0,0.0,0.0,0.0,0.3666666666666667,1.0,0.8833333333333332,0.29833333333333334
llmsr,g0049,BPG3,5,1.0,1.0,0.0,0.0,0.0,0.0,0.6666666666666666,0.819047619047619,0.14857142857142858
llmsr,g0050,BPG9,5,1.0,1.0,0.0,0.0,0.0,0.01333333333333333,0.6666666666666666,0.738095238095238,0.14447619047619048
pyoperon,g0001,II.34.2_1_0,5,0.6,1.0,0.0,0.0,0.0,0.0,0.9199999999999999,0.8,0.10000000000000002
pyoperon,g0002,first_principles_hubble,5,1.0,1.0,0.0,0.0,0.0,0.0,1.0,0.3866666666666667,0.13866666666666666
pyoperon,g0003,feynman-ii.27.18,5,0.0,1.0,0.0,0.0,0.0,0.0,0.0,0.0,0.0
pyoperon,g0004,Korns-4,5,0.8,1.0,0.0,0.0,0.0,0.06666666666666668,0.0,0.55,0.075
pyoperon,g0005,Keijzer-11,5,1.0,1.0,0.0,0.0,0.0,0.0,0.6666666666666666,0.6857142857142857,0.13523809523809524
pyoperon,g0006,Keijzer-2,5,1.0,1.0,0.0,0.0,0.0,0.0,1.0,0.5942857142857143,0.15942857142857142
pyoperon,g0007,Korns-2,5,1.0,1.0,0.0,0.0,0.0,0.18,0.08,0.8261904761904761,0.14461904761904762
pyoperon,g0008,Nguyen-12,5,1.0,1.0,0.0,0.0,0.0,0.0,0.6666666666666666,0.8095238095238095,0.14761904761904762
pyoperon,g0009,Nguyen-6,5,1.0,1.0,0.0,0.0,0.0,0.0,1.0,0.45714285714285713,0.1457142857142857
pyoperon,g0010,Nguyen-9,5,1.0,1.0,0.0,0.0,0.0,0.02857142857142858,0.6666666666666666,0.46412698412698417,0.12165079365079365
pyoperon,g0011,Vladislavleva-4,5,0.6,1.0,0.0,0.0,0.0,0.0,0.42857142857142866,0.6833333333333333,0.06000000000000001
pyoperon,g0012,feynman_I_27_6,5,1.0,1.0,0.0,0.0,0.0,0.0,0.9199999999999999,0.8642857142857142,0.17842857142857144
pyoperon,g0013,feynman-i.43.31,5,0.0,1.0,0.0,0.0,0.0,0.0,0.0,0.0,0.0
pyoperon,g0014,feynman-ii.34.11,5,1.0,1.0,0.0,0.0,0.0,0.0,0.6857142857142857,0.6599999999999999,0.13457142857142856
pyoperon,g0015,III.21.20_3_0,5,1.0,1.0,0.0,0.0,0.0,0.0,0.7047619047619047,0.8,0.15047619047619049
pyoperon,g0016,feynman_II_15_4,5,1.0,1.0,0.0,0.0,0.0,0.0,0.5599999999999999,0.6933333333333334,0.12533333333333335
pyoperon,g0017,strogatz_shearflow1,5,1.0,1.0,0.0,0.0,0.0,0.0,0.8,0.5,0.13
pyoperon,g0018,feynman-i.18.16,5,0.8,1.0,0.0,0.0,0.0,0.0,0.5657142857142857,0.3958730158730159,0.08504761904761907
pyoperon,g0019,feynman-ii.34.2a,5,0.8,1.0,0.0,0.0,0.0,0.0,0.26666666666666666,0.4609523809523809,0.07276190476190476
pyoperon,g0020,first_principles_leavitt,5,1.0,1.0,0.0,0.0,0.0,0.0,1.0,0.5365079365079366,0.15365079365079365
pyoperon,g0021,feynman-i.39.22,5,1.0,1.0,0.0,0.0,0.0,0.0,0.44000000000000006,0.5676190476190477,0.10076190476190479
pyoperon,g0022,feynman-i.11.19,5,1.0,1.0,0.0,0.0,0.0,0.019999999999999997,0.5166666666666666,0.7285714285714286,0.13052380952380954
pyoperon,g0023,I.11.19_4_0,5,1.0,1.0,0.0,0.0,0.0,0.0,0.5,0.8833333333333332,0.13833333333333334
pyoperon,g0024,strogatz_predprey2,5,0.8,1.0,0.0,0.0,0.0,0.0,1.0,0.9214285714285714,0.155
pyoperon,g0025,strogatz_barmag2,5,0.8,1.0,0.0,0.0,0.0,0.13846153846153847,0.7333333333333333,0.8,0.16549450549450548
pyoperon,g0026,strogatz_barmag1,5,1.0,1.0,0.0,0.0,0.0,0.06153846153846154,0.6666666666666666,0.7166666666666666,0.15679487179487178
pyoperon,g0027,feynman_I_12_11,5,1.0,1.0,0.0,0.0,0.0,0.0,0.4761904761904763,0.5642857142857143,0.10404761904761906
pyoperon,g0028,feynman-ii.4.23,5,1.0,1.0,0.0,0.0,0.0,0.0,1.0,0.6476190476190476,0.16476190476190475
pyoperon,g0029,strogatz_vdp1,5,1.0,1.0,0.0,0.0,0.0,0.06666666666666668,1.0,0.7238095238095238,0.19238095238095237
pyoperon,g0030,feynman-iii.7.38,5,1.0,1.0,0.0,0.0,0.0,0.0,1.0,0.45999999999999996,0.146
pyoperon,g0031,II.11.27_1_0,5,1.0,1.0,0.0,0.0,0.0,0.0,0.6666666666666666,0.8928571428571429,0.15595238095238095
pyoperon,g0032,feynman-i.13.12,5,0.0,1.0,0.0,0.0,0.0,0.0,0.0,0.0,0.0
pyoperon,g0033,feynman-iii.10.19,5,0.0,0.6,0.0,0.0,0.0,0.0,0.0,0.0,0.0
pyoperon,g0034,CRK11,5,1.0,1.0,0.0,0.0,0.0,0.06666666666666668,0.0,0.7314285714285714,0.09314285714285715
pyoperon,g0035,feynman-i.32.5,5,0.2,1.0,0.0,0.0,0.0,0.0,0.2,0.1142857142857143,0.03142857142857143
pyoperon,g0036,CRK10,5,1.0,1.0,0.0,0.0,0.0,0.09230769230769231,0.0,0.6522222222222223,0.09291452991452992
pyoperon,g0037,CRK34,5,1.0,1.0,0.0,0.0,0.0,0.018181818181818188,0.13333333333333333,0.6476190476190476,0.08354978354978357
pyoperon,g0038,PO19,5,1.0,1.0,0.0,0.0,0.0,0.05,1.0,0.6714285714285715,0.18214285714285716
pyoperon,g0039,CRK0,5,1.0,1.0,0.0,0.0,0.0,0.15000000000000002,0.0,0.7785714285714286,0.12285714285714286
pyoperon,g0040,feynman-i.29.16,5,1.0,1.0,0.0,0.0,0.0,0.0,0.7047619047619047,0.7123809523809523,0.14171428571428574
pyoperon,g0041,PO41,5,1.0,1.0,0.0,0.0,0.0,0.1,0.96,0.5842857142857143,0.18442857142857144
pyoperon,g0042,feynman_test_15,5,1.0,1.0,0.0,0.0,0.0,0.008000000000000007,0.5599999999999999,0.6666666666666667,0.1250666666666667
pyoperon,g0043,CRK33,5,1.0,1.0,0.0,0.0,0.0,0.0,0.6666666666666666,0.6533333333333333,0.132
pyoperon,g0044,feynman-i.15.3t,5,1.0,1.0,0.0,0.0,0.0,0.075,0.06666666666666667,0.5599999999999999,0.08516666666666668
pyoperon,g0045,feynman-bonus.20,5,0.0,0.6,0.0,0.0,0.0,0.0,0.0,0.0,0.0
pyoperon,g0046,II.6.15b_3_0,5,0.8,1.0,0.0,0.0,0.0,0.0,0.49333333333333335,0.42707070707070705,0.09204040404040405
pyoperon,g0047,BPG5,5,0.8,1.0,0.0,0.0,0.0,0.09,0.26666666666666666,0.6547619047619048,0.11914285714285715
pyoperon,g0048,MatSci21,5,1.0,1.0,0.0,0.0,0.0,0.0,0.7333333333333333,0.7642857142857142,0.14976190476190476
pyoperon,g0049,BPG3,5,1.0,1.0,0.0,0.0,0.0,0.008695652173913038,0.0,0.6523809523809524,0.06784679089026915
pyoperon,g0050,BPG9,5,1.0,1.0,0.0,0.0,0.0,0.059999999999999984,0.0,0.6285714285714286,0.08085714285714285
pysr,g0001,II.34.2_1_0,5,1.0,1.0,0.8,1.0,1.0,0.8,1.0,0.96,1.0
pysr,g0002,first_principles_hubble,5,1.0,1.0,0.0,0.0,0.0,0.0,1.0,0.37333333333333335,0.13733333333333334
pysr,g0003,feynman-ii.27.18,5,1.0,1.0,0.0,0.4,0.4,0.0,0.5,0.13333333333333333,0.4633333333333334
pysr,g0004,Korns-4,5,1.0,1.0,0.0,0.0,0.0,0.7333333333333334,0.0,1.0,0.31999999999999995
pysr,g0005,Keijzer-11,5,1.0,1.0,0.0,0.0,0.0,0.2666666666666667,0.6666666666666666,0.8,0.22666666666666666
pysr,g0006,Keijzer-2,5,1.0,1.0,0.0,1.0,1.0,0.8571428571428571,1.0,0.8800000000000001,1.0
pysr,g0007,Korns-2,5,1.0,1.0,0.0,0.0,0.0,0.13999999999999996,0.3333333333333333,1.0,0.1753333333333333
pysr,g0008,Nguyen-12,5,1.0,1.0,0.0,0.0,0.0,0.49411764705882355,0.6666666666666666,1.0,0.31490196078431365
pysr,g0009,Nguyen-6,5,1.0,1.0,0.6,1.0,1.0,0.7555555555555555,1.0,0.9714285714285715,1.0
pysr,g0010,Nguyen-9,5,1.0,1.0,0.0,0.0,0.0,0.31428571428571433,0.6666666666666666,0.9428571428571428,0.25523809523809526
pysr,g0011,Vladislavleva-4,5,1.0,1.0,0.0,0.0,0.0,0.15483870967741936,0.888888888888889,0.8571428571428571,0.22105478750640045
pysr,g0012,feynman_I_27_6,5,1.0,1.0,1.0,1.0,1.0,0.0,1.0,1.0,1.0
pysr,g0013,feynman-i.43.31,5,1.0,1.0,0.0,0.0,0.0,0.0,0.0,0.0,0.0
pysr,g0014,feynman-ii.34.11,5,1.0,1.0,0.6,1.0,1.0,0.6,1.0,0.9199999999999999,1.0
pysr,g0015,III.21.20_3_0,5,1.0,1.0,0.6,1.0,1.0,0.65,1.0,0.9199999999999999,1.0
pysr,g0016,feynman_II_15_4,5,1.0,1.0,0.2,1.0,1.0,0.2,1.0,0.8133333333333332,1.0
pysr,g0017,strogatz_shearflow1,5,1.0,1.0,0.6,1.0,1.0,0.42857142857142855,1.0,0.7333333333333333,1.0
pysr,g0018,feynman-i.18.16,5,1.0,1.0,0.4,1.0,1.0,0.4,1.0,0.8533333333333333,1.0
pysr,g0019,feynman-ii.34.2a,5,1.0,1.0,0.0,0.0,0.0,0.1,0.569047619047619,0.6742857142857143,0.15433333333333335
pysr,g0020,first_principles_leavitt,5,1.0,1.0,0.0,0.0,0.0,0.0,1.0,0.5904761904761905,0.15904761904761905
pysr,g0021,feynman-i.39.22,5,0.8,1.0,0.0,0.0,0.0,0.0,0.5476190476190477,0.6076190476190476,0.09742857142857143
pysr,g0022,feynman-i.11.19,5,1.0,1.0,0.0,0.0,0.0,0.26,0.923076923076923,0.9199999999999999,0.2623076923076923
pysr,g0023,I.11.19_4_0,5,1.0,1.0,0.6,0.8,0.8,0.7466666666666667,1.0,0.9714285714285713,0.8371428571428572
pysr,g0024,strogatz_predprey2,5,1.0,1.0,0.2,0.6,0.6,0.24615384615384617,1.0,0.9428571428571428,0.6771428571428572
pysr,g0025,strogatz_barmag2,5,1.0,1.0,0.4,1.0,1.0,0.8461538461538461,1.0,0.95,1.0
pysr,g0026,strogatz_barmag1,5,1.0,1.0,0.2,0.8,0.8,0.7692307692307693,1.0,0.95,0.835
pysr,g0027,feynman_I_12_11,5,1.0,1.0,0.6,1.0,1.0,0.0,1.0,0.9714285714285713,1.0
pysr,g0028,feynman-ii.4.23,5,1.0,1.0,0.0,1.0,1.0,0.6666666666666667,1.0,0.8,1.0
pysr,g0029,strogatz_vdp1,5,1.0,1.0,0.0,1.0,1.0,0.7833333333333333,1.0,0.96,1.0
pysr,g0030,feynman-iii.7.38,5,1.0,1.0,0.0,0.0,0.0,0.0,0.6666666666666666,0.0,0.06666666666666667
pysr,g0031,II.11.27_1_0,5,1.0,1.0,0.0,0.0,0.0,0.11428571428571428,1.0,0.9142857142857143,0.2257142857142857
pysr,g0032,feynman-i.13.12,5,1.0,1.0,0.0,1.0,1.0,0.015384615384615375,0.3466666666666667,0.4,1.0
pysr,g0033,feynman-iii.10.19,5,1.0,1.0,0.0,0.0,0.0,0.0,0.0,0.1,0.01
pysr,g0034,CRK11,5,0.4,1.0,0.0,0.0,0.0,0.0,0.0,0.7761904761904762,0.03047619047619048
pysr,g0035,feynman-i.32.5,5,1.0,1.0,0.0,0.4,0.4,0.4909090909090909,1.0,0.72,0.589939393939394
pysr,g0036,CRK10,5,0.8,1.0,0.0,0.0,0.0,0.0,0.13333333333333333,0.6933333333333332,0.06666666666666667
pysr,g0037,CRK34,5,0.8,1.0,0.0,0.0,0.0,0.0,0.0,0.8071428571428572,0.06357142857142858
pysr,g0038,PO19,5,1.0,1.0,0.0,0.0,0.0,0.0,0.9199999999999999,0.5174603174603175,0.14374603174603176
pysr,g0039,CRK0,5,0.6,1.0,0.0,0.0,0.0,0.06999999999999999,0.0,0.8142857142857143,0.07528571428571429
pysr,g0040,feynman-i.29.16,5,1.0,1.0,0.0,0.0,0.0,0.0,1.0,0.9714285714285713,0.19714285714285715
pysr,g0041,PO41,5,1.0,1.0,0.0,0.0,0.0,0.0,0.9199999999999999,0.5622222222222222,0.14822222222222223
pysr,g0042,feynman_test_15,5,1.0,1.0,0.0,0.0,0.0,0.0,1.0,0.9777777777777779,0.19777777777777777
pysr,g0043,CRK33,5,0.6,1.0,0.0,0.0,0.0,0.0,0.7333333333333333,0.7222222222222221,0.08333333333333333
pysr,g0044,feynman-i.15.3t,5,1.0,1.0,0.0,0.0,0.0,0.0,0.16,0.7,0.086
pysr,g0045,feynman-bonus.20,5,1.0,1.0,0.0,0.0,0.0,0.0,0.5,0.0,0.05
pysr,g0046,II.6.15b_3_0,5,1.0,1.0,0.0,0.0,0.0,0.0,0.8095238095238095,0.6933333333333332,0.15028571428571427
pysr,g0047,BPG5,5,1.0,1.0,0.0,0.0,0.0,0.050000000000000024,0.26666666666666666,0.8247619047619047,0.12414285714285715
pysr,g0048,MatSci21,5,1.0,1.0,0.0,0.0,0.0,0.04444444444444447,0.8,0.9314285714285713,0.1864761904761905
pysr,g0049,BPG3,5,1.0,1.0,0.0,0.0,0.0,0.07826086956521741,0.0,0.6933333333333334,0.09281159420289856
pysr,g0050,BPG9,5,1.0,1.0,0.0,0.0,0.0,0.01333333333333333,0.13333333333333333,0.6666666666666666,0.08399999999999999
qlattice,g0001,II.34.2_1_0,5,1.0,1.0,0.0,0.0,0.0,0.0,1.0,0.5904761904761905,0.15904761904761905
qlattice,g0002,first_principles_hubble,5,1.0,1.0,0.0,0.0,0.0,0.0,1.0,0.4,0.13999999999999999
qlattice,g0003,feynman-ii.27.18,5,1.0,1.0,0.0,1.0,1.0,0.19999999999999996,1.0,0.5,1.0
qlattice,g0004,Korns-4,5,1.0,1.0,0.0,0.0,0.0,0.2666666666666667,0.0,0.6666666666666666,0.14666666666666667
qlattice,g0005,Keijzer-11,5,1.0,1.0,0.0,0.0,0.0,0.0,0.6666666666666666,0.6666666666666666,0.13333333333333333
qlattice,g0006,Keijzer-2,5,1.0,1.0,0.0,0.0,0.0,0.0,1.0,0.3238095238095238,0.13238095238095238
qlattice,g0007,Korns-2,5,0.8,1.0,0.0,0.0,0.0,0.0,0.2,0.8357142857142856,0.0819047619047619
qlattice,g0008,Nguyen-12,5,1.0,1.0,0.0,0.0,0.0,0.0,0.6666666666666666,0.7714285714285714,0.1438095238095238
qlattice,g0009,Nguyen-6,5,1.0,1.0,0.0,0.0,0.0,0.0,1.0,0.37142857142857144,0.13714285714285715
qlattice,g0010,Nguyen-9,5,1.0,1.0,0.0,0.0,0.0,0.0,0.6666666666666666,0.49523809523809526,0.1161904761904762
qlattice,g0011,Vladislavleva-4,5,1.0,1.0,0.0,0.0,0.0,0.0,0.861111111111111,0.8571428571428571,0.17182539682539683
qlattice,g0012,feynman_I_27_6,5,1.0,1.0,0.0,0.0,0.0,0.0,1.0,0.7928571428571428,0.1792857142857143
qlattice,g0013,feynman-i.43.31,5,1.0,1.0,0.0,0.0,0.0,0.0,0.6666666666666666,0.6666666666666666,0.13333333333333333
qlattice,g0014,feynman-ii.34.11,5,1.0,1.0,0.0,0.0,0.0,0.0,0.9777777777777779,0.7542857142857143,0.17320634920634922
qlattice,g0015,III.21.20_3_0,5,1.0,1.0,0.0,0.0,0.0,0.0,1.0,0.6666666666666666,0.16666666666666666
qlattice,g0016,feynman_II_15_4,5,1.0,1.0,0.0,0.0,0.0,0.0,1.0,0.37333333333333335,0.13733333333333334
qlattice,g0017,strogatz_shearflow1,5,1.0,1.0,0.0,0.0,0.0,0.0,1.0,0.48888888888888893,0.1488888888888889
qlattice,g0018,feynman-i.18.16,5,1.0,1.0,0.0,0.0,0.0,0.0,1.0,0.3047619047619048,0.13047619047619047
qlattice,g0019,feynman-ii.34.2a,5,1.0,1.0,0.0,0.0,0.0,0.0,0.42857142857142855,0.5952380952380952,0.10238095238095239
qlattice,g0020,first_principles_leavitt,5,0.8,1.0,0.0,0.0,0.0,0.0,1.0,0.8400000000000001,0.14800000000000002
qlattice,g0021,feynman-i.39.22,5,1.0,1.0,0.0,0.0,0.0,0.0,0.38095238095238093,0.5752380952380952,0.09561904761904763
qlattice,g0022,feynman-i.11.19,5,1.0,1.0,0.0,0.0,0.0,0.0,0.6254545454545454,0.9199999999999999,0.15454545454545454
qlattice,g0023,I.11.19_4_0,5,1.0,1.0,0.0,0.0,0.0,0.0,0.909090909090909,0.8214285714285714,0.17305194805194804
qlattice,g0024,strogatz_predprey2,5,1.0,1.0,0.0,0.0,0.0,0.0,1.0,0.8642857142857142,0.18642857142857144
qlattice,g0025,strogatz_barmag2,5,1.0,1.0,0.0,0.0,0.0,0.0,1.0,0.6666666666666666,0.16666666666666666
qlattice,g0026,strogatz_barmag1,5,1.0,1.0,0.0,0.0,0.0,0.0,1.0,0.5,0.15000000000000002
qlattice,g0027,feynman_I_12_11,5,1.0,1.0,0.0,0.0,0.0,0.0,0.9333333333333333,0.5476190476190477,0.1480952380952381
qlattice,g0028,feynman-ii.4.23,5,1.0,1.0,0.0,0.0,0.0,0.0,1.0,0.5904761904761905,0.15904761904761905
qlattice,g0029,strogatz_vdp1,5,1.0,1.0,0.0,0.0,0.0,0.0,1.0,0.7466666666666667,0.1746666666666667
qlattice,g0030,feynman-iii.7.38,5,0.0,0.0,0.0,0.0,0.0,0.0,0.0,0.0,0.0
qlattice,g0031,II.11.27_1_0,5,1.0,1.0,0.0,0.0,0.0,0.0,0.6514285714285715,0.8142857142857143,0.14657142857142857
qlattice,g0032,feynman-i.13.12,5,1.0,1.0,0.0,1.0,1.0,0.0,0.4,0.8,1.0
qlattice,g0033,feynman-iii.10.19,5,1.0,1.0,0.0,0.4,0.4,0.0,0.16,0.8,0.44800000000000006
qlattice,g0034,CRK11,5,1.0,1.0,0.0,0.0,0.0,0.0,0.13333333333333333,0.6452380952380953,0.07785714285714287
qlattice,g0035,feynman-i.32.5,5,1.0,1.0,0.0,0.0,0.0,0.09090909090909094,0.6666666666666666,0.4,0.13393939393939397
qlattice,g0036,CRK10,5,1.0,1.0,0.0,0.0,0.0,0.09230769230769229,0.13333333333333333,0.5285714285714287,0.09388278388278389
qlattice,g0037,CRK34,5,1.0,1.0,0.0,0.0,0.0,0.0,0.4,0.738095238095238,0.1138095238095238
qlattice,g0038,PO19,5,1.0,1.0,0.0,0.0,0.0,0.0,0.8800000000000001,0.6285714285714284,0.15085714285714286
qlattice,g0039,CRK0,5,1.0,1.0,0.0,0.0,0.0,0.18000000000000002,0.13333333333333333,0.7428571428571428,0.14161904761904762
qlattice,g0040,feynman-i.29.16,5,1.0,1.0,0.0,0.0,0.0,0.0,0.7333333333333333,0.7333333333333333,0.14666666666666667
qlattice,g0041,PO41,5,1.0,1.0,0.0,0.0,0.0,0.0,0.96,0.7400000000000001,0.17000000000000004
qlattice,g0042,feynman_test_15,5,1.0,1.0,0.0,0.0,0.0,0.0,0.8571428571428571,0.75,0.16071428571428573
qlattice,g0043,CRK33,5,1.0,1.0,0.0,0.0,0.0,0.0,0.8,0.6095238095238095,0.14095238095238094
qlattice,g0044,feynman-i.15.3t,5,1.0,1.0,0.0,0.0,0.0,0.0,0.0,0.8,0.08000000000000002
qlattice,g0045,feynman-bonus.20,5,1.0,1.0,0.0,0.0,0.0,0.0357142857142857,0.0,0.5714285714285715,0.06785714285714287
qlattice,g0046,II.6.15b_3_0,5,1.0,1.0,0.0,0.0,0.0,0.0,0.819047619047619,0.4000000000000001,0.12190476190476192
qlattice,g0047,BPG5,5,1.0,1.0,0.0,0.0,0.0,0.22000000000000003,0.26666666666666666,0.8800000000000001,0.18066666666666667
qlattice,g0048,MatSci21,5,1.0,1.0,0.0,0.0,0.0,0.0,1.0,0.7,0.16999999999999998
qlattice,g0049,BPG3,5,1.0,1.0,0.0,0.0,0.0,0.25217391304347825,0.0,0.7633333333333333,0.1519855072463768
qlattice,g0050,BPG9,5,1.0,1.0,0.0,0.0,0.0,0.1333333333333333,0.0,0.8,0.12000000000000002
ragsr,g0001,II.34.2_1_0,5,1.0,1.0,0.0,0.0,0.0,0.0,1.0,0.4488888888888889,0.1448888888888889
ragsr,g0002,first_principles_hubble,5,1.0,1.0,0.0,0.0,0.0,0.0,1.0,0.23603174603174604,0.1236031746031746
ragsr,g0003,feynman-ii.27.18,5,1.0,1.0,0.0,0.0,0.0,0.0,0.7333333333333333,0.6333333333333333,0.13666666666666666
ragsr,g0004,Korns-4,5,1.0,1.0,0.0,0.0,0.0,0.0,0.4,0.6566666666666666,0.10566666666666666
ragsr,g0005,Keijzer-11,5,1.0,1.0,0.0,0.0,0.0,0.0,0.6666666666666666,0.5472727272727272,0.12139393939393939
ragsr,g0006,Keijzer-2,5,1.0,1.0,0.0,0.0,0.0,0.0,1.0,0.39434343434343433,0.1394343434343434
ragsr,g0007,Korns-2,5,0.8,1.0,0.0,0.0,0.0,0.0,0.42857142857142866,0.5290909090909091,0.07233766233766234
ragsr,g0008,Nguyen-12,5,1.0,1.0,0.0,0.0,0.0,0.0,0.6666666666666666,0.5272727272727272,0.11939393939393939
ragsr,g0009,Nguyen-6,5,0.6,1.0,0.0,0.0,0.0,0.0,1.0,0.4979797979797979,0.09090909090909091
ragsr,g0010,Nguyen-9,5,1.0,1.0,0.0,0.0,0.0,0.0,0.6666666666666666,0.39434343434343433,0.1061010101010101
ragsr,g0011,Vladislavleva-4,5,1.0,1.0,0.0,0.0,0.0,0.0,0.888888888888889,0.7033333333333333,0.1592222222222222
ragsr,g0012,feynman_I_27_6,5,0.8,1.0,0.0,0.0,0.0,0.0,1.0,0.6157575757575757,0.12824242424242424
ragsr,g0013,feynman-i.43.31,5,1.0,1.0,0.0,0.0,0.0,0.0,1.0,0.6333333333333333,0.16333333333333333
ragsr,g0014,feynman-ii.34.11,5,1.0,1.0,0.0,0.0,0.0,0.0,0.9155555555555555,0.4222222222222222,0.1337777777777778
ragsr,g0015,III.21.20_3_0,5,0.6,1.0,0.0,0.0,0.0,0.0,1.0,0.38987012987012987,0.08371428571428571
ragsr,g0016,feynman_II_15_4,5,1.0,1.0,0.0,0.0,0.0,0.0,1.0,0.44666666666666666,0.14466666666666667
ragsr,g0017,strogatz_shearflow1,5,1.0,1.0,0.0,0.0,0.0,0.0,1.0,0.48461538461538467,0.14846153846153848
ragsr,g0018,feynman-i.18.16,5,1.0,1.0,0.0,0.0,0.0,0.0,1.0,0.5507936507936508,0.1550793650793651
ragsr,g0019,feynman-ii.34.2a,5,1.0,1.0,0.0,0.0,0.0,0.0,0.9714285714285713,0.37,0.13414285714285715
ragsr,g0020,first_principles_leavitt,5,0.8,1.0,0.0,0.0,0.0,0.0,1.0,0.40161616161616165,0.11288888888888889
ragsr,g0021,feynman-i.39.22,5,1.0,1.0,0.0,0.0,0.0,0.0,0.8142857142857143,0.4444444444444445,0.1258730158730159
ragsr,g0022,feynman-i.11.19,5,1.0,1.0,0.0,0.0,0.0,0.0,1.0,0.8142857142857143,0.18142857142857144
ragsr,g0023,I.11.19_4_0,5,1.0,1.0,0.0,0.0,0.0,0.0,1.0,0.6457575757575758,0.16457575757575757
ragsr,g0024,strogatz_predprey2,5,1.0,1.0,0.0,0.0,0.0,0.0,1.0,0.5690909090909091,0.15690909090909094
ragsr,g0025,strogatz_barmag2,5,1.0,1.0,0.0,0.0,0.0,0.0,1.0,0.5490909090909091,0.15490909090909094
ragsr,g0026,strogatz_barmag1,5,1.0,1.0,0.0,0.0,0.0,0.0,1.0,0.6081818181818182,0.16081818181818183
ragsr,g0027,feynman_I_12_11,5,1.0,1.0,0.0,0.0,0.0,0.0,1.0,0.6157575757575757,0.16157575757575757
ragsr,g0028,feynman-ii.4.23,5,1.0,1.0,0.0,0.0,0.0,0.0,1.0,0.4377777777777778,0.14377777777777778
ragsr,g0029,strogatz_vdp1,5,1.0,1.0,0.0,0.0,0.0,0.0,1.0,0.6715151515151515,0.16715151515151516
ragsr,g0030,feynman-iii.7.38,5,1.0,1.0,0.0,0.0,0.0,0.0,1.0,0.48,0.14800000000000002
ragsr,g0031,II.11.27_1_0,5,0.8,1.0,0.0,0.0,0.0,0.0,0.7428571428571428,0.5581818181818182,0.10586147186147188
ragsr,g0032,feynman-i.13.12,5,1.0,1.0,0.0,0.2,0.2,0.0,1.0,0.5933333333333334,0.32933333333333337
ragsr,g0033,feynman-iii.10.19,5,0.8,1.0,0.0,0.0,0.0,0.0,0.8533333333333333,0.6066666666666667,0.12
ragsr,g0034,CRK11,5,1.0,1.0,0.0,0.0,0.0,0.0,0.9333333333333332,0.9555555555555555,0.18888888888888888
ragsr,g0035,feynman-i.32.5,5,1.0,1.0,0.0,0.0,0.0,0.0,1.0,0.4666666666666666,0.14666666666666667
ragsr,g0036,CRK10,5,1.0,1.0,0.0,0.0,0.0,0.0,0.9333333333333332,0.6638461538461538,0.15971794871794875
ragsr,g0037,CRK34,5,1.0,1.0,0.0,0.0,0.0,0.0,0.8,0.6399999999999999,0.144
ragsr,g0038,PO19,5,1.0,1.0,0.0,0.0,0.0,0.0,0.9199999999999999,0.5361616161616161,0.14561616161616162
ragsr,g0039,CRK0,5,1.0,1.0,0.0,0.0,0.0,0.0,0.9333333333333332,0.6914285714285714,0.1624761904761905
ragsr,g0040,feynman-i.29.16,5,1.0,1.0,0.0,0.0,0.0,0.0,1.0,0.7466666666666667,0.1746666666666667
ragsr,g0041,PO41,5,1.0,1.0,0.0,0.0,0.0,0.0,1.0,0.6373626373626373,0.16373626373626374
ragsr,g0042,feynman_test_15,5,1.0,1.0,0.0,0.0,0.0,0.0,1.0,0.7943434343434344,0.17943434343434345
ragsr,g0043,CRK33,5,1.0,1.0,0.0,0.0,0.0,0.0,0.8666666666666666,0.7903030303030303,0.1656969696969697
ragsr,g0044,feynman-i.15.3t,5,1.0,1.0,0.0,0.0,0.0,0.0,0.9714285714285713,0.8142857142857143,0.17857142857142858
ragsr,g0045,feynman-bonus.20,5,1.0,1.0,0.0,0.4,0.4,0.0,0.7576190476190476,0.6775757575757575,0.47964069264069265
ragsr,g0046,II.6.15b_3_0,5,1.0,1.0,0.0,0.0,0.0,0.0,1.0,0.6564102564102564,0.16564102564102562
ragsr,g0047,BPG5,5,1.0,1.0,0.0,0.0,0.0,0.0,0.9333333333333332,0.7461904761904761,0.16795238095238096
ragsr,g0048,MatSci21,5,1.0,1.0,0.0,0.0,0.0,0.0,1.0,0.7396103896103896,0.17396103896103896
ragsr,g0049,BPG3,5,1.0,1.0,0.0,0.2,0.2,0.0,0.7333333333333333,0.4892352092352093,0.2889235209235209
ragsr,g0050,BPG9,5,1.0,1.0,0.0,0.0,0.0,0.0,0.8666666666666666,0.4377777777777778,0.13044444444444442
tpsr,g0001,II.34.2_1_0,5,1.0,1.0,0.0,0.0,0.0,0.0,1.0,0.6933333333333334,0.16933333333333334
tpsr,g0002,first_principles_hubble,5,1.0,1.0,0.0,0.0,0.0,0.0,1.0,0.4,0.13999999999999999
tpsr,g0003,feynman-ii.27.18,5,1.0,1.0,0.0,0.0,0.0,0.0,0.5,0.6,0.10999999999999999
tpsr,g0004,Korns-4,5,1.0,1.0,0.0,0.0,0.0,0.6666666666666667,0.0,0.8,0.28
tpsr,g0005,Keijzer-11,5,1.0,1.0,0.0,0.0,0.0,0.0,0.6666666666666666,0.6666666666666666,0.13333333333333333
tpsr,g0006,Keijzer-2,5,1.0,1.0,0.0,0.0,0.0,0.0,1.0,0.5,0.15000000000000002
tpsr,g0007,Korns-2,5,1.0,1.0,0.0,0.0,0.0,0.0,0.0,1.0,0.1
tpsr,g0008,Nguyen-12,5,1.0,1.0,0.0,0.0,0.0,0.0,0.6666666666666666,0.6666666666666666,0.13333333333333333
tpsr,g0009,Nguyen-6,5,1.0,1.0,0.0,0.0,0.0,0.0,1.0,0.6666666666666666,0.16666666666666666
tpsr,g0010,Nguyen-9,5,1.0,1.0,0.0,0.0,0.0,0.0,0.6666666666666666,0.3333333333333333,0.1
tpsr,g0011,Vladislavleva-4,5,1.0,1.0,0.0,0.0,0.0,0.0,0.611111111111111,0.7047619047619047,0.13158730158730159
tpsr,g0012,feynman_I_27_6,5,1.0,1.0,0.0,0.0,0.0,0.0,1.0,0.9714285714285713,0.19714285714285715
tpsr,g0013,feynman-i.43.31,5,1.0,1.0,0.0,0.0,0.0,0.0,1.0,0.4,0.13999999999999999
tpsr,g0014,feynman-ii.34.11,5,1.0,1.0,0.0,0.0,0.0,0.0,0.4444444444444445,0.4,0.08444444444444446
tpsr,g0015,III.21.20_3_0,5,1.0,1.0,0.0,0.0,0.0,0.0,0.9714285714285713,0.8,0.17714285714285716
tpsr,g0016,feynman_II_15_4,5,1.0,1.0,0.0,0.0,0.0,0.0,1.0,0.4800000000000001,0.148
tpsr,g0017,strogatz_shearflow1,5,1.0,1.0,0.0,0.0,0.0,0.0,1.0,0.5714285714285715,0.15714285714285717
tpsr,g0018,feynman-i.18.16,5,1.0,1.0,0.0,0.0,0.0,0.0,0.8,0.4,0.12
tpsr,g0019,feynman-ii.34.2a,5,1.0,1.0,0.0,0.0,0.0,0.0,0.7499999999999999,0.6095238095238096,0.13595238095238096
tpsr,g0020,first_principles_leavitt,5,1.0,1.0,0.0,0.0,0.0,0.0,1.0,0.6666666666666666,0.16666666666666666
tpsr,g0021,feynman-i.39.22,5,1.0,1.0,0.0,0.0,0.0,0.1428571428571429,0.0,0.0,0.04285714285714287
tpsr,g0022,feynman-i.11.19,5,1.0,1.0,0.0,0.0,0.0,0.0,0.7446153846153847,0.8,0.15446153846153848
tpsr,g0023,I.11.19_4_0,5,1.0,1.0,0.0,0.0,0.0,0.0,1.0,1.0,0.2
tpsr,g0024,strogatz_predprey2,5,0.8,1.0,0.0,0.0,0.0,0.0,1.0,0.9714285714285715,0.16
tpsr,g0025,strogatz_barmag2,5,1.0,1.0,0.0,0.0,0.0,0.23076923076923075,0.6666666666666666,0.6666666666666666,0.20256410256410257
tpsr,g0026,strogatz_barmag1,5,1.0,1.0,0.0,0.0,0.0,0.0,1.0,0.6666666666666666,0.16666666666666666
tpsr,g0027,feynman_I_12_11,5,1.0,1.0,0.0,0.0,0.0,0.04444444444444447,0.4666666666666667,0.6533333333333333,0.12533333333333335
tpsr,g0028,feynman-ii.4.23,5,1.0,1.0,0.0,0.0,0.0,0.0,1.0,0.6666666666666666,0.16666666666666666
tpsr,g0029,strogatz_vdp1,5,1.0,1.0,0.0,0.0,0.0,0.0,1.0,0.8571428571428571,0.18571428571428572
tpsr,g0030,feynman-iii.7.38,5,1.0,1.0,0.0,0.0,0.0,0.0,1.0,0.38,0.13799999999999998
tpsr,g0031,II.11.27_1_0,5,1.0,1.0,0.0,0.0,0.0,0.07142857142857144,0.64,0.7314285714285714,0.15857142857142859
tpsr,g0032,feynman-i.13.12,5,1.0,1.0,0.0,0.2,0.2,0.0,0.9142857142857143,0.6785714285714286,0.3307142857142857
tpsr,g0033,feynman-iii.10.19,5,1.0,1.0,0.0,0.0,0.0,0.0,0.5,0.8,0.13
tpsr,g0034,CRK11,5,1.0,1.0,0.0,0.0,0.0,0.033333333333333326,0.6666666666666666,0.7142857142857143,0.1480952380952381
tpsr,g0035,feynman-i.32.5,5,1.0,1.0,0.0,0.0,0.0,0.0,0.6666666666666666,0.5714285714285715,0.12380952380952381
tpsr,g0036,CRK10,5,1.0,1.0,0.0,0.0,0.0,0.13846153846153844,0.5333333333333333,0.5476190476190477,0.1496336996336996
tpsr,g0037,CRK34,5,1.0,1.0,0.0,0.0,0.0,0.2727272727272727,0.0,0.8,0.1618181818181818
tpsr,g0038,PO19,5,1.0,1.0,0.0,0.0,0.0,0.0,0.8,0.5,0.13
tpsr,g0039,CRK0,5,1.0,1.0,0.0,0.0,0.0,0.040000000000000036,0.6666666666666666,0.8,0.15866666666666668
tpsr,g0040,feynman-i.29.16,5,1.0,1.0,0.0,0.0,0.0,0.0,1.0,0.75,0.17500000000000002
tpsr,g0041,PO41,5,1.0,1.0,0.0,0.0,0.0,0.011111111111111117,0.8,0.5142857142857143,0.13476190476190478
tpsr,g0042,feynman_test_15,5,1.0,1.0,0.0,0.0,0.0,0.0,1.0,0.8261904761904761,0.18261904761904763
tpsr,g0043,CRK33,5,1.0,1.0,0.0,0.0,0.0,0.0,1.0,0.6666666666666665,0.16666666666666666
tpsr,g0044,feynman-i.15.3t,5,1.0,1.0,0.0,0.0,0.0,0.0,0.7714285714285714,0.8,0.15714285714285714
tpsr,g0045,feynman-bonus.20,5,1.0,1.0,0.0,0.0,0.0,0.00714285714285714,0.0,0.7142857142857142,0.07357142857142858
tpsr,g0046,II.6.15b_3_0,5,1.0,1.0,0.0,0.0,0.0,0.0,1.0,0.4444444444444445,0.14444444444444446
tpsr,g0047,BPG5,5,1.0,1.0,0.0,0.0,0.0,0.030000000000000006,0.6666666666666666,0.8076190476190476,0.15642857142857144
tpsr,g0048,MatSci21,5,1.0,1.0,0.0,0.0,0.0,0.011111111111111117,0.8,0.758095238095238,0.15914285714285717
tpsr,g0049,BPG3,5,1.0,1.0,0.0,0.0,0.0,0.0,0.6666666666666666,0.6666666666666666,0.13333333333333333
tpsr,g0050,BPG9,5,1.0,1.0,0.0,0.0,0.0,0.07333333333333332,0.7333333333333333,0.6742857142857143,0.16276190476190475
udsr,g0001,II.34.2_1_0,5,1.0,1.0,0.6,1.0,1.0,0.6,1.0,0.8742857142857143,1.0
udsr,g0002,first_principles_hubble,5,1.0,1.0,0.0,0.0,0.0,0.0,1.0,0.3504761904761905,0.13504761904761903
udsr,g0003,feynman-ii.27.18,5,1.0,1.0,0.0,0.4,0.4,0.48,0.7666666666666666,0.8533333333333333,0.506
udsr,g0004,Korns-4,5,1.0,1.0,0.0,0.0,0.0,0.5666666666666667,0.0,0.8476190476190476,0.25476190476190474
udsr,g0005,Keijzer-11,5,1.0,1.0,0.0,0.0,0.0,0.0,0.6666666666666666,0.8357142857142856,0.15023809523809523
udsr,g0006,Keijzer-2,5,1.0,1.0,0.0,0.0,0.0,0.0,1.0,0.4038095238095238,0.14038095238095238
udsr,g0007,Korns-2,5,1.0,1.0,0.0,0.0,0.0,0.0,0.38095238095238093,1.0,0.1380952380952381
udsr,g0008,Nguyen-12,5,1.0,1.0,0.0,0.0,0.0,0.3529411764705882,0.6666666666666666,0.8857142857142858,0.26112044817927177
udsr,g0009,Nguyen-6,5,1.0,1.0,0.0,0.6,0.6,0.15555555555555556,1.0,0.7595238095238095,0.6742857142857143
udsr,g0010,Nguyen-9,5,1.0,1.0,0.0,0.0,0.0,0.0,0.6666666666666666,0.8571428571428571,0.1523809523809524
udsr,g0011,Vladislavleva-4,5,1.0,1.0,0.0,0.0,0.0,0.0,0.888888888888889,0.95,0.18388888888888888
udsr,g0012,feynman_I_27_6,5,1.0,1.0,0.2,0.2,0.2,0.0,1.0,0.8928571428571429,0.3492857142857143
udsr,g0013,feynman-i.43.31,5,1.0,1.0,0.0,1.0,1.0,0.6,1.0,0.76,1.0
udsr,g0014,feynman-ii.34.11,5,1.0,1.0,0.0,0.0,0.0,0.175,0.7777777777777778,0.52,0.18227777777777782
udsr,g0015,III.21.20_3_0,5,1.0,1.0,0.4,1.0,1.0,0.8,1.0,0.96,1.0
udsr,g0016,feynman_II_15_4,5,1.0,1.0,0.6,0.8,0.8,0.6,1.0,0.8666666666666666,0.8333333333333334
udsr,g0017,strogatz_shearflow1,5,1.0,1.0,0.4,0.6,0.6,0.22857142857142856,1.0,0.7333333333333333,0.67
udsr,g0018,feynman-i.18.16,5,1.0,1.0,0.0,0.0,0.0,0.3,0.8761904761904761,0.8800000000000001,0.26561904761904764
udsr,g0019,feynman-ii.34.2a,5,1.0,1.0,0.0,0.4,0.4,0.0,0.8714285714285713,0.6285714285714286,0.4833333333333333
udsr,g0020,first_principles_leavitt,5,1.0,1.0,0.0,0.0,0.0,0.0,1.0,0.6285714285714286,0.16285714285714287
udsr,g0021,feynman-i.39.22,5,1.0,1.0,0.0,0.0,0.0,0.11428571428571428,0.9028571428571428,0.6742857142857143,0.192
udsr,g0022,feynman-i.11.19,5,1.0,1.0,0.0,0.0,0.0,0.019999999999999997,0.6799999999999999,0.8133333333333332,0.15533333333333335
udsr,g0023,I.11.19_4_0,5,1.0,1.0,0.2,0.8,0.8,0.0,1.0,0.9714285714285715,0.8371428571428572
udsr,g0024,strogatz_predprey2,5,1.0,1.0,0.4,0.8,0.8,0.0,1.0,1.0,0.8400000000000001
udsr,g0025,strogatz_barmag2,5,1.0,1.0,0.0,0.0,0.0,0.0,1.0,0.715079365079365,0.17150793650793653
udsr,g0026,strogatz_barmag1,5,1.0,1.0,0.0,0.0,0.0,0.0,1.0,0.8571428571428571,0.18571428571428572
udsr,g0027,feynman_I_12_11,5,1.0,1.0,0.0,0.0,0.0,0.0,1.0,0.6285714285714286,0.16285714285714287
udsr,g0028,feynman-ii.4.23,5,1.0,1.0,0.0,1.0,1.0,0.0,1.0,0.5952380952380952,1.0
udsr,g0029,strogatz_vdp1,5,1.0,1.0,0.0,1.0,1.0,0.9666666666666666,1.0,1.0,1.0
udsr,g0030,feynman-iii.7.38,5,1.0,1.0,0.0,1.0,1.0,0.0,1.0,0.37333333333333335,1.0
udsr,g0031,II.11.27_1_0,5,1.0,1.0,0.0,1.0,1.0,0.3857142857142857,1.0,1.0,1.0
udsr,g0032,feynman-i.13.12,5,1.0,1.0,0.0,0.2,0.2,0.0,1.0,0.8642857142857142,0.3464285714285714
udsr,g0033,feynman-iii.10.19,5,1.0,1.0,0.0,0.0,0.0,0.0,0.8,0.7166666666666666,0.15166666666666667
udsr,g0034,CRK11,5,1.0,1.0,0.0,0.0,0.0,0.0,0.6666666666666666,0.7247619047619047,0.13914285714285715
udsr,g0035,feynman-i.32.5,5,1.0,1.0,0.0,0.0,0.0,0.018181818181818188,1.0,0.4419047619047619,0.14964502164502164
udsr,g0036,CRK10,5,1.0,1.0,0.0,0.0,0.0,0.0,0.6666666666666666,0.7755555555555556,0.14422222222222222
udsr,g0037,CRK34,5,1.0,1.0,0.0,0.0,0.0,0.0,0.6666666666666666,0.8547619047619047,0.15214285714285714
udsr,g0038,PO19,5,1.0,1.0,0.0,0.0,0.0,0.0,0.8,0.6033333333333333,0.14033333333333334
udsr,g0039,CRK0,5,1.0,1.0,0.0,0.0,0.0,0.0,0.6666666666666666,0.8142857142857143,0.1480952380952381
udsr,g0040,feynman-i.29.16,5,1.0,1.0,0.0,0.0,0.0,0.0,1.0,0.9777777777777779,0.19777777777777777
udsr,g0041,PO41,5,1.0,1.0,0.0,0.0,0.0,0.0,0.8,0.7422222222222221,0.15422222222222223
udsr,g0042,feynman_test_15,5,1.0,1.0,0.0,0.0,0.0,0.0,1.0,0.8528571428571429,0.1852857142857143
udsr,g0043,CRK33,5,1.0,1.0,0.0,0.0,0.0,0.0,1.0,0.7466666666666667,0.1746666666666667
udsr,g0044,feynman-i.15.3t,5,1.0,1.0,0.0,0.0,0.0,0.025,0.5700000000000001,0.6952380952380952,0.13402380952380952
udsr,g0045,feynman-bonus.20,5,1.0,1.0,0.0,0.2,0.2,0.07142857142857142,0.8242857142857142,0.7711111111111111,0.3456825396825397
udsr,g0046,II.6.15b_3_0,5,1.0,1.0,0.0,0.0,0.0,0.0,0.9333333333333332,0.5268686868686869,0.14602020202020202
udsr,g0047,BPG5,5,1.0,1.0,0.0,0.0,0.0,0.0,0.6666666666666666,1.0,0.16666666666666666
udsr,g0048,MatSci21,5,1.0,1.0,0.0,0.0,0.0,0.0,1.0,0.8047619047619048,0.18047619047619048
udsr,g0049,BPG3,5,1.0,1.0,0.0,0.0,0.0,0.0,0.6666666666666666,0.6666666666666666,0.13333333333333333
udsr,g0050,BPG9,5,1.0,1.0,0.0,0.0,0.0,0.0,0.7333333333333333,0.6642857142857143,0.13976190476190475
