combo,combo_score_nmse_only,mean_operational_stability,mean_discrimination,mean_pairwise_complementarity,mean_family_subgroup_coverage,mean_baseline_quality,mean_finite_id_ood_rate,taxonomy_diversity_score,taxonomy_redundancy_penalty,practical_cost_score_neutral_due_to_missing_runtime,taxonomies
imcts;pysr;ragsr;udsr,0.7895150230152518,0.9595,0.6946739988727944,0.7927427046948303,0.7697478991596639,0.5457992461151271,0.9625,1.0,0.0,0.5,mcts;evolutionary_gp;rag_hybrid;rl_hybrid
imcts;pysr;ragsr;tpsr,0.783476273551062,0.95575,0.6621710565661392,0.7896627386017212,0.8184873949579832,0.5079732537418468,0.95875,1.0,0.0,0.5,mcts;evolutionary_gp;rag_hybrid;pretrained_neural
pysr;ragsr;tpsr;udsr,0.7811821035671533,0.95575,0.6618044429773722,0.792649678411986,0.7911764705882354,0.5312876096541953,0.95875,1.0,0.0,0.5,evolutionary_gp;rag_hybrid;pretrained_neural;rl_hybrid
gplearn;imcts;pysr;ragsr,0.7732380185845948,0.962,0.6535405794218372,0.7478165029712902,0.8243697478991596,0.5153251366069437,0.965,1.0,0.0,0.5,classic_gp;mcts;evolutionary_gp;rag_hybrid
gplearn;pysr;ragsr;udsr,0.7717943240681777,0.962,0.6531739658330701,0.7542053446515207,0.7970588235294118,0.5386394925192921,0.965,1.0,0.0,0.5,classic_gp;evolutionary_gp;rag_hybrid;rl_hybrid
dso;pysr;ragsr;udsr,0.7709675700878456,0.9595,0.6618498196732914,0.7591068779464828,0.7697478991596639,0.5399743965057574,0.9625,1.0,0.0,0.5,rl_policy;evolutionary_gp;rag_hybrid;rl_hybrid
e2esr;imcts;pysr;ragsr,0.7694460451059744,0.88575,0.7017589950376172,0.8159512831969277,0.7130252100840336,0.5247848856570434,0.8887499999999999,1.0,0.0,0.5,pretrained_neural;mcts;evolutionary_gp;rag_hybrid
imcts;pysr;qlattice;ragsr,0.768370975379265,0.9495,0.6087118579723786,0.8162048344431716,0.7852941176470588,0.5247418345939927,0.9525,1.0,0.0,0.5,mcts;evolutionary_gp;graph_hybrid;rag_hybrid
imcts;pysr;tpsr;udsr,0.7677621173491576,0.982,0.6429903870717503,0.6725888192536409,0.8789915966386554,0.5813811383684778,0.985,1.0,0.0,0.5,mcts;evolutionary_gp;pretrained_neural;rl_hybrid
dso;imcts;pysr;ragsr,0.7647944811284165,0.9595,0.6622164332620585,0.7222509023628667,0.7970588235294118,0.5166600405934089,0.9625,1.0,0.0,0.5,rl_policy;mcts;evolutionary_gp;rag_hybrid
dso;pysr;ragsr;tpsr,0.7636069758915262,0.95575,0.6293468773666362,0.7507395329248562,0.8184873949579832,0.5021484041324772,0.95875,1.0,0.0,0.5,rl_policy;evolutionary_gp;rag_hybrid;pretrained_neural
pysr;qlattice;ragsr;udsr,0.7628941827575467,0.9495,0.6083452443836115,0.8064612837021984,0.7579831932773109,0.5480561905063412,0.9525,1.0,0.0,0.5,evolutionary_gp;graph_hybrid;rag_hybrid;rl_hybrid
e2esr;pysr;ragsr;udsr,0.7613362386609233,0.88575,0.7013923814488501,0.7956756771626227,0.6857142857142857,0.5480992415693919,0.8887499999999999,1.0,0.0,0.5,pretrained_neural;evolutionary_gp;rag_hybrid;rl_hybrid
gplearn;pysr;ragsr;tpsr,0.7607582256451324,0.95825,0.6206710235264149,0.7311359827229909,0.8457983193277311,0.5008135001460119,0.9612499999999999,1.0,0.0,0.5,classic_gp;evolutionary_gp;rag_hybrid;pretrained_neural
dso;gplearn;pysr;ragsr,0.7596013003984852,0.962,0.6207164002223342,0.7338236151881286,0.8243697478991596,0.509500286997574,0.965,1.0,0.0,0.5,rl_policy;classic_gp;evolutionary_gp;rag_hybrid
dso;pysr;qlattice;ragsr,0.753341784023188,0.9495,0.5758876787728756,0.796642053980141,0.7852941176470588,0.5189169849846231,0.9525,1.0,0.0,0.5,rl_policy;evolutionary_gp;graph_hybrid;rag_hybrid
pysr;qlattice;ragsr;tpsr,0.7527937808241941,0.94575,0.5758423020769563,0.7871347077324382,0.8067226890756303,0.510230198133061,0.94875,1.0,0.0,0.5,evolutionary_gp;graph_hybrid;rag_hybrid;pretrained_neural
dso;e2esr;pysr;ragsr,0.7505433725483812,0.88575,0.6689348158381142,0.780894577927833,0.7130252100840336,0.5189600360476738,0.8887499999999999,1.0,0.0,0.5,rl_policy;pretrained_neural;evolutionary_gp;rag_hybrid
imcts;pyoperon;pysr;ragsr,0.7495872562885444,0.95375,0.5962592714218674,0.7833372165503596,0.8184873949579832,0.5132912296139386,0.95875,0.75,0.0,0.5,mcts;evolutionary_gp;evolutionary_gp;rag_hybrid
gplearn;imcts;pysr;udsr,0.7490768243395828,0.98825,0.6343599099274482,0.5969544314507788,0.8848739495798319,0.5887330212335746,0.99125,1.0,0.0,0.5,classic_gp;mcts;evolutionary_gp;rl_hybrid
imcts;ragsr;tpsr;udsr,0.7485768845364011,0.96,0.5592278283878449,0.7814795090935835,0.7970588235294118,0.5175967043447955,0.96,1.0,0.0,0.5,mcts;rag_hybrid;pretrained_neural;rl_hybrid
dso;pysr;tpsr;udsr,0.7466685913701072,0.982,0.6101662078722473,0.6287687002987173,0.8789915966386554,0.5755562887591081,0.985,1.0,0.0,0.5,rl_policy;evolutionary_gp;pretrained_neural;rl_hybrid
gplearn;pysr;qlattice;ragsr,0.7458777296595103,0.952,0.5672118249326543,0.7585772873091398,0.8126050420168067,0.5175820809981578,0.955,1.0,0.0,0.5,classic_gp;evolutionary_gp;graph_hybrid;rag_hybrid
e2esr;imcts;pysr;udsr,0.7432207952269829,0.9119999999999999,0.6825783255432282,0.6568329891404991,0.7735294117647059,0.5981927702836745,0.915,1.0,0.0,0.5,pretrained_neural;mcts;evolutionary_gp;rl_hybrid
imcts;pysr;qlattice;udsr,0.7428934052456329,0.97575,0.5895311884779897,0.6600772593681797,0.8457983193277311,0.5981497192206238,0.97875,1.0,0.0,0.5,mcts;evolutionary_gp;graph_hybrid;rl_hybrid
e2esr;gplearn;pysr;ragsr,0.7428913194421646,0.88825,0.6602589619978929,0.7420778162866764,0.7403361344537815,0.5176251320612085,0.89125,1.0,0.0,0.5,pretrained_neural;classic_gp;evolutionary_gp;rag_hybrid
gplearn;pysr;tpsr;udsr,0.7424175066258307,0.9844999999999999,0.601490354032026,0.6035558121053207,0.9063025210084034,0.574221384772643,0.9875,1.0,0.0,0.5,classic_gp;evolutionary_gp;pretrained_neural;rl_hybrid
dso;imcts;pysr;udsr,0.7420356213812871,0.98575,0.6430357637676696,0.5769981688338865,0.857563025210084,0.5900679252200399,0.98875,1.0,0.0,0.5,rl_policy;mcts;evolutionary_gp;rl_hybrid
pyoperon;pysr;ragsr;udsr,0.7418157652772255,0.95375,0.5958926578331003,0.7644148722509835,0.7911764705882354,0.5366055855262871,0.95875,0.75,0.0,0.5,evolutionary_gp;evolutionary_gp;rag_hybrid;rl_hybrid
gplearn;imcts;pysr;tpsr,0.738015280861603,0.9844999999999999,0.601856967620793,0.5737832893025102,0.9336134453781513,0.5509070288602944,0.9875,1.0,0.0,0.5,classic_gp;mcts;evolutionary_gp;pretrained_neural
gplearn;imcts;ragsr;udsr,0.7379105671454327,0.96625,0.5505973512435429,0.7379210237651471,0.8029411764705883,0.5249485872098925,0.96625,1.0,0.0,0.5,classic_gp;mcts;rag_hybrid;rl_hybrid
e2esr;pysr;ragsr;tpsr,0.7359659548657265,0.882,0.6688894391421949,0.7652695737454862,0.7344537815126051,0.5102732491961117,0.885,0.75,0.0,0.5,pretrained_neural;evolutionary_gp;rag_hybrid;pretrained_neural
e2esr;pysr;qlattice;ragsr,0.7357190346419756,0.87575,0.6154302405484343,0.8012451813791212,0.7012605042016806,0.5270418300482577,0.8787499999999999,1.0,0.0,0.5,pretrained_neural;evolutionary_gp;graph_hybrid;rag_hybrid
dso;imcts;pysr;tpsr,0.7346495821300332,0.982,0.6105328214610144,0.5685290435925213,0.9063025210084034,0.5522419328467597,0.985,1.0,0.0,0.5,rl_policy;mcts;evolutionary_gp;pretrained_neural
dso;gplearn;pysr;udsr,0.7342158778339584,0.98825,0.6015357307279452,0.5780646303895587,0.8848739495798319,0.582908171624205,0.99125,1.0,0.0,0.5,rl_policy;classic_gp;evolutionary_gp;rl_hybrid
pysr;qlattice;tpsr;udsr,0.7331366859162722,0.972,0.5566616325825674,0.6542890335602876,0.8672268907563025,0.5836380827596921,0.975,1.0,0.0,0.5,evolutionary_gp;graph_hybrid;pretrained_neural;rl_hybrid
imcts;pysr;qlattice;tpsr,0.7327675582573452,0.972,0.5570282461713345,0.6406489031786808,0.8945378151260504,0.5603237268473436,0.975,1.0,0.0,0.5,mcts;evolutionary_gp;graph_hybrid;pretrained_neural
gplearn;imcts;ragsr;tpsr,0.7318208739542734,0.9625,0.5180944089368877,0.7346372827641607,0.8516806722689075,0.4871225948366122,0.9625,1.0,0.0,0.5,classic_gp;mcts;rag_hybrid;pretrained_neural
imcts;pyoperon;pysr;udsr,0.7313411588291372,0.98,0.5770786019274784,0.6561355321722676,0.8789915966386554,0.5866991142405695,0.985,0.75,0.0,0.5,mcts;evolutionary_gp;evolutionary_gp;rl_hybrid
dso;pyoperon;pysr;ragsr,0.7303842094670937,0.95375,0.5634350922223644,0.7470790142258341,0.8184873949579832,0.5074663800045689,0.95875,0.75,0.0,0.5,rl_policy;evolutionary_gp;evolutionary_gp;rag_hybrid
gplearn;pyoperon;pysr;ragsr,0.7300844389399302,0.95625,0.5547592383821431,0.73767138290089,0.8457983193277311,0.5061314760181037,0.9612499999999999,0.75,0.0,0.5,classic_gp;evolutionary_gp;evolutionary_gp;rag_hybrid
e2esr;imcts;ragsr;udsr,0.7283608749987787,0.89,0.5988157668593229,0.7830249293186513,0.6915966386554622,0.5344083362599922,0.89,1.0,0.0,0.5,pretrained_neural;mcts;rag_hybrid;rl_hybrid
gplearn;ragsr;tpsr;udsr,0.728031269753558,0.9625,0.5177277953481206,0.7316424857071993,0.8243697478991596,0.5104369507489607,0.9625,1.0,0.0,0.5,classic_gp;rag_hybrid;pretrained_neural;rl_hybrid
pyoperon;pysr;ragsr;tpsr,0.7273639333200439,0.95,0.5633897155264451,0.7276825761859075,0.8399159663865546,0.49877959315300685,0.955,0.75,0.0,0.5,evolutionary_gp;evolutionary_gp;rag_hybrid;pretrained_neural
dso;pysr;qlattice;udsr,0.7266399855700411,0.97575,0.5567070092784867,0.6356175656270905,0.8457983193277311,0.5923248696112542,0.97875,1.0,0.0,0.5,rl_policy;evolutionary_gp;graph_hybrid;rl_hybrid
dso;e2esr;pysr;udsr,0.7230938943498753,0.9119999999999999,0.6497541463437252,0.616879370593346,0.7735294117647059,0.5923679206743049,0.915,1.0,0.0,0.5,rl_policy;pretrained_neural;evolutionary_gp;rl_hybrid
imcts;qlattice;ragsr;udsr,0.7229889985267626,0.95375,0.5057686297940843,0.766091253583668,0.7638655462184873,0.5343652851969415,0.95375,1.0,0.0,0.5,mcts;graph_hybrid;rag_hybrid;rl_hybrid
dso;gplearn;pysr;tpsr,0.7218324896238492,0.9844999999999999,0.56903278842129,0.5496061093127728,0.9336134453781513,0.5450821792509248,0.9875,1.0,0.0,0.5,rl_policy;classic_gp;evolutionary_gp;pretrained_neural
dso;gplearn;imcts;pysr,0.7213463931263928,0.98825,0.6019023443167123,0.514423071813397,0.9121848739495798,0.5595938157118565,0.99125,1.0,0.0,0.5,rl_policy;classic_gp;mcts;evolutionary_gp
dso;ragsr;tpsr;udsr,0.7205159948481181,0.96,0.5264036491883419,0.7097899353017298,0.7970588235294118,0.511771854735426,0.96,1.0,0.0,0.5,rl_policy;rag_hybrid;pretrained_neural;rl_hybrid
dso;imcts;ragsr;udsr,0.7191030045374205,0.96375,0.5592732050837642,0.6708993225493889,0.7756302521008404,0.5262834911963576,0.96375,1.0,0.0,0.5,rl_policy;mcts;rag_hybrid;rl_hybrid
e2esr;pyoperon;pysr;ragsr,0.7178936552887396,0.88,0.6029776539979231,0.7722109224362464,0.7344537815126051,0.5155912250682034,0.885,0.75,0.0,0.5,pretrained_neural;evolutionary_gp;evolutionary_gp;rag_hybrid
imcts;qlattice;ragsr;tpsr,0.7178350018252957,0.95,0.47326568748742914,0.7665502985414513,0.8126050420168067,0.49653929282366127,0.95,1.0,0.0,0.5,mcts;graph_hybrid;rag_hybrid;pretrained_neural
e2esr;imcts;pysr;tpsr,0.7178250663768514,0.90825,0.650075383236573,0.626325105503624,0.8222689075630252,0.5603667779103942,0.91125,0.75,0.0,0.5,pretrained_neural;mcts;evolutionary_gp;pretrained_neural
dso;imcts;pysr;qlattice,0.7178035989677765,0.97575,0.5570736228672537,0.5881083994721326,0.873109243697479,0.5690105136989057,0.97875,1.0,0.0,0.5,rl_policy;mcts;evolutionary_gp;graph_hybrid
gplearn;pysr;qlattice;udsr,0.7177735967084805,0.97825,0.5480311554382653,0.5919434609645581,0.873109243697479,0.5909899656247889,0.98125,1.0,0.0,0.5,classic_gp;evolutionary_gp;graph_hybrid;rl_hybrid
dso;e2esr;imcts;pysr,0.7168905215709437,0.9119999999999999,0.6501207599324923,0.5799022597317197,0.8008403361344538,0.5690535647619563,0.915,1.0,0.0,0.5,rl_policy;pretrained_neural;mcts;evolutionary_gp
imcts;pyoperon;pysr;tpsr,0.716863881817021,0.97625,0.5445756596208232,0.6193014558874529,0.9277310924369748,0.5488731218672893,0.98125,0.75,0.0,0.5,mcts;evolutionary_gp;evolutionary_gp;pretrained_neural
dso;imcts;ragsr;tpsr,0.7166888155729871,0.96,0.526770262777109,0.6823175984553057,0.8243697478991596,0.48845749882307743,0.96,1.0,0.0,0.5,rl_policy;mcts;rag_hybrid;pretrained_neural
gplearn;imcts;pysr;qlattice,0.7165539935820624,0.97825,0.5483977690270324,0.5749014287129857,0.9004201680672268,0.5676756097124404,0.98125,1.0,0.0,0.5,classic_gp;mcts;evolutionary_gp;graph_hybrid
dso;gplearn;ragsr;udsr,0.7160822569305756,0.96625,0.5177731720440399,0.6911617678669969,0.8029411764705883,0.5191237376005228,0.96625,1.0,0.0,0.5,rl_policy;classic_gp;rag_hybrid;rl_hybrid
imcts;pyoperon;ragsr;udsr,0.7156425445296994,0.958,0.49331604324357314,0.7289726960654846,0.7970588235294118,0.5229146802168874,0.96,1.0,0.0,0.5,mcts;evolutionary_gp;rag_hybrid;rl_hybrid
e2esr;pysr;tpsr;udsr,0.7155611802124453,0.90825,0.6497087696478059,0.629433180591899,0.7949579831932774,0.5836811338227428,0.91125,0.75,0.0,0.5,pretrained_neural;evolutionary_gp;pretrained_neural;rl_hybrid
e2esr;gplearn;imcts;pysr,0.7154529174426906,0.9145,0.641444906092271,0.5659432940024174,0.8281512605042016,0.567718660775491,0.9175,1.0,0.0,0.5,pretrained_neural;classic_gp;mcts;evolutionary_gp
dso;pysr;qlattice;tpsr,0.7151922938496242,0.972,0.5242040669718315,0.6109018305090742,0.8945378151260504,0.5544988772379739,0.975,1.0,0.0,0.5,rl_policy;evolutionary_gp;graph_hybrid;pretrained_neural
pyoperon;pysr;tpsr;udsr,0.7149383110863471,0.97625,0.5442090460320562,0.6237627927106568,0.9004201680672269,0.5721874777796379,0.98125,0.75,0.0,0.5,evolutionary_gp;evolutionary_gp;pretrained_neural;rl_hybrid
e2esr;gplearn;pysr;udsr,0.7140395067457758,0.9145,0.6410782925035039,0.572453270960658,0.8008403361344538,0.5910330166878396,0.9175,1.0,0.0,0.5,pretrained_neural;classic_gp;evolutionary_gp;rl_hybrid
pyoperon;pysr;qlattice;ragsr,0.7138566574680497,0.94375,0.5099305169326845,0.7606167613065689,0.8067226890756303,0.5155481740051527,0.94875,0.75,0.0,0.5,evolutionary_gp;evolutionary_gp;graph_hybrid;rag_hybrid
e2esr;gplearn;imcts;ragsr,0.7135838231199132,0.8925,0.5576823474083656,0.7440985378022774,0.746218487394958,0.5039342267518088,0.8925,1.0,0.0,0.5,pretrained_neural;classic_gp;mcts;rag_hybrid
dso;gplearn;imcts;ragsr,0.7114046021879531,0.96625,0.5181397856328069,0.6602875291506072,0.8302521008403361,0.4958093816881743,0.96625,1.0,0.0,0.5,rl_policy;classic_gp;mcts;rag_hybrid
e2esr;imcts;pysr;qlattice,0.7109973548591823,0.9019999999999999,0.5966161846428124,0.6359775479615853,0.7890756302521008,0.5771353587625402,0.905,1.0,0.0,0.5,pretrained_neural;mcts;evolutionary_gp;graph_hybrid
dso;pyoperon;pysr;udsr,0.7109138836881719,0.98,0.5442544227279754,0.6149804165696836,0.8789915966386554,0.5808742646312,0.985,0.75,0.0,0.5,rl_policy;evolutionary_gp;evolutionary_gp;rl_hybrid
gplearn;imcts;tpsr;udsr,0.7105405912936157,0.98875,0.4989137394424987,0.5952988575810676,0.9121848739495798,0.5605304794632432,0.98875,1.0,0.0,0.5,classic_gp;mcts;pretrained_neural;rl_hybrid
gplearn;imcts;pyoperon;pysr,0.7102868739263081,0.9824999999999999,0.5359451824765212,0.5921002085600386,0.9336134453781513,0.5562250047323862,0.9875,0.75,0.0,0.5,classic_gp;mcts;evolutionary_gp;evolutionary_gp
qlattice;ragsr;tpsr;udsr,0.7100122995192796,0.95,0.47289907389866204,0.7474231090632862,0.7852941176470588,0.5198536487360098,0.95,1.0,0.0,0.5,graph_hybrid;rag_hybrid;pretrained_neural;rl_hybrid
gplearn;imcts;qlattice;ragsr,0.709640412768619,0.95625,0.4646352103431271,0.7328787265501818,0.8184873949579832,0.5038911756887581,0.95625,1.0,0.0,0.5,classic_gp;mcts;graph_hybrid;rag_hybrid
gplearn;pyoperon;pysr;udsr,0.7092117786631255,0.9824999999999999,0.5355785688877541,0.5999634472532082,0.9063025210084034,0.5795393606447347,0.9875,0.75,0.0,0.5,classic_gp;evolutionary_gp;evolutionary_gp;rl_hybrid
dso;gplearn;ragsr;tpsr,0.708670719007287,0.9625,0.48527022973738476,0.6825906479374931,0.8516806722689075,0.48129774522724256,0.9625,1.0,0.0,0.5,rl_policy;classic_gp;rag_hybrid;pretrained_neural
e2esr;imcts;ragsr;tpsr,0.7079369964354677,0.88625,0.5663128245526677,0.7724044468290583,0.7403361344537815,0.49658234388671196,0.88625,0.75,0.0,0.5,pretrained_neural;mcts;rag_hybrid;pretrained_neural
gplearn;imcts;pyoperon;ragsr,0.707579085532297,0.9605,0.4521826237926159,0.7169006760749635,0.8516806722689075,0.49244057070870395,0.9625,1.0,0.0,0.5,classic_gp;mcts;evolutionary_gp;rag_hybrid
imcts;pyoperon;ragsr;tpsr,0.7061371178044035,0.95425,0.46081310093691796,0.7120260209279521,0.8457983193277311,0.4850886878436071,0.95625,1.0,0.0,0.5,mcts;evolutionary_gp;rag_hybrid;pretrained_neural
e2esr;pysr;qlattice;udsr,0.7055508460569666,0.9019999999999999,0.5962495710540453,0.6263551324986223,0.7617647058823529,0.6004497146748886,0.905,1.0,0.0,0.5,pretrained_neural;evolutionary_gp;graph_hybrid;rl_hybrid
dso;gplearn;pysr;qlattice,0.705211308647767,0.97825,0.5155735898275294,0.5700846739370825,0.9004201680672268,0.5618507601030707,0.98125,1.0,0.0,0.5,rl_policy;classic_gp;evolutionary_gp;graph_hybrid
dso;imcts;pyoperon;pysr,0.704372195475508,0.98,0.5446210363167425,0.5766500439731286,0.9063025210084034,0.5575599087188514,0.985,0.75,0.0,0.5,rl_policy;mcts;evolutionary_gp;evolutionary_gp
e2esr;gplearn;ragsr;udsr,0.7039785824580556,0.8925,0.5573157338195986,0.7178411949007462,0.7189075630252101,0.5272485826641573,0.8925,1.0,0.0,0.5,pretrained_neural;classic_gp;rag_hybrid;rl_hybrid
dso;e2esr;imcts;ragsr,0.7032550675984499,0.89,0.566358201248587,0.7109920649327137,0.7189075630252101,0.5052691307382741,0.89,1.0,0.0,0.5,rl_policy;pretrained_neural;mcts;rag_hybrid
e2esr;imcts;pyoperon;pysr,0.7026981465697718,0.90625,0.5841635980923012,0.6450479732740135,0.8222689075630252,0.565684753782486,0.91125,0.75,0.0,0.5,pretrained_neural;mcts;evolutionary_gp;evolutionary_gp
gplearn;qlattice;ragsr;udsr,0.7026681859300943,0.95625,0.46426859675436005,0.7171534389419824,0.7911764705882353,0.5272055316011066,0.95625,1.0,0.0,0.5,classic_gp;graph_hybrid;rag_hybrid;rl_hybrid
gplearn;pysr;qlattice;tpsr,0.702650400761338,0.9744999999999999,0.5155282131316101,0.5525257089396385,0.9218487394957983,0.5531639732515086,0.9775,1.0,0.0,0.5,classic_gp;evolutionary_gp;graph_hybrid;pretrained_neural
dso;e2esr;ragsr;udsr,0.7012666104124385,0.89,0.5659915876598199,0.715201855934568,0.6915966386554622,0.5285834866506226,0.89,1.0,0.0,0.5,rl_policy;pretrained_neural;rag_hybrid;rl_hybrid
e2esr;imcts;qlattice;ragsr,0.700390111011685,0.88,0.5128536259589072,0.7791801936625653,0.7071428571428571,0.5133509247388579,0.88,1.0,0.0,0.5,pretrained_neural;mcts;graph_hybrid;rag_hybrid
dso;e2esr;gplearn;pysr,0.7002367513068793,0.9145,0.608620726892768,0.5456326144204502,0.8281512605042016,0.5618938111661214,0.9175,1.0,0.0,0.5,rl_policy;pretrained_neural;classic_gp;evolutionary_gp
dso;qlattice;ragsr;udsr,0.6997682151419383,0.95375,0.47294445059458134,0.7137621050056487,0.7638655462184873,0.5285404355875719,0.95375,1.0,0.0,0.5,rl_policy;graph_hybrid;rag_hybrid;rl_hybrid
dso;imcts;qlattice;ragsr,0.6991236585046167,0.95375,0.47331106418334845,0.6990202587104627,0.7911764705882353,0.5052260796752234,0.95375,1.0,0.0,0.5,rl_policy;mcts;graph_hybrid;rag_hybrid
gplearn;pyoperon;ragsr;udsr,0.6983121603041715,0.9605,0.4518160102038488,0.6919965949083612,0.8243697478991596,0.5157549266210525,0.9625,1.0,0.0,0.5,classic_gp;evolutionary_gp;rag_hybrid;rl_hybrid
e2esr;ragsr;tpsr;udsr,0.6974812803061186,0.88625,0.5659462109639006,0.7427452020575613,0.7130252100840336,0.5198966997990605,0.88625,0.75,0.0,0.5,pretrained_neural;rag_hybrid;pretrained_neural;rl_hybrid
dso;imcts;tpsr;udsr,0.6968108674102123,0.98625,0.5075895932827201,0.5485885112637439,0.8848739495798319,0.5618653834497085,0.98625,1.0,0.0,0.5,rl_policy;mcts;pretrained_neural;rl_hybrid
imcts;pyoperon;pysr;qlattice,0.6967758146711083,0.97,0.49111646102706263,0.6259124758324407,0.8945378151260504,0.5656417027194353,0.975,0.75,0.0,0.5,mcts;evolutionary_gp;evolutionary_gp;graph_hybrid
dso;e2esr;pysr;tpsr,0.6963763207676144,0.90825,0.61725120403707,0.5810841080279534,0.8222689075630252,0.5545419283010246,0.91125,0.75,0.0,0.5,rl_policy;pretrained_neural;evolutionary_gp;pretrained_neural
e2esr;imcts;pyoperon;ragsr,0.6962966951417068,0.88425,0.5004010394083959,0.7550737886527222,0.7403361344537815,0.5019003197588038,0.88625,1.0,0.0,0.5,pretrained_neural;mcts;evolutionary_gp;rag_hybrid
pyoperon;ragsr;tpsr;udsr,0.6960197171087865,0.95425,0.46044648734815086,0.683720037891384,0.8184873949579832,0.5084030437559556,0.95625,1.0,0.0,0.5,evolutionary_gp;rag_hybrid;pretrained_neural;rl_hybrid
imcts;qlattice;tpsr;udsr,0.695238343276018,0.97625,0.4540850179930402,0.6219463698038776,0.873109243697479,0.5699471774502923,0.97625,1.0,0.0,0.5,mcts;graph_hybrid;pretrained_neural;rl_hybrid
dso;pyoperon;pysr;tpsr,0.6951147619439262,0.97625,0.5117514804213202,0.5728589613563515,0.9277310924369748,0.5430482722579197,0.98125,0.75,0.0,0.5,rl_policy;evolutionary_gp;evolutionary_gp;pretrained_neural
e2esr;pyoperon;pysr;udsr,0.6949569393779556,0.90625,0.5837969845035341,0.6262467642526476,0.7949579831932774,0.5889991096948345,0.91125,0.75,0.0,0.5,pretrained_neural;evolutionary_gp;evolutionary_gp;rl_hybrid
dso;gplearn;pyoperon;pysr,0.6947703335266392,0.9824999999999999,0.5031210032770183,0.5705880319226406,0.9336134453781513,0.5504001551230165,0.9875,0.75,0.0,0.5,rl_policy;classic_gp;evolutionary_gp;evolutionary_gp
dso;e2esr;pysr;qlattice,0.6943887155534039,0.9019999999999999,0.5637920054433094,0.6100969756997491,0.7890756302521008,0.5713105091531705,0.905,1.0,0.0,0.5,rl_policy;pretrained_neural;evolutionary_gp;graph_hybrid
dso;qlattice;ragsr;tpsr,0.6932923737083421,0.95,0.44044150828792616,0.7089337710349146,0.8126050420168067,0.49071444321429164,0.95,1.0,0.0,0.5,rl_policy;graph_hybrid;rag_hybrid;pretrained_neural
gplearn;qlattice;ragsr;tpsr,0.6925168402697722,0.9525,0.43176565444770487,0.697623088064345,0.8399159663865546,0.4893795392278264,0.9525,1.0,0.0,0.5,classic_gp;graph_hybrid;rag_hybrid;pretrained_neural
pyoperon;pysr;qlattice;udsr,0.6916676213026249,0.97,0.4907498474382956,0.6176433221044066,0.8672268907563025,0.5889560586317838,0.975,0.75,0.0,0.5,evolutionary_gp;evolutionary_gp;graph_hybrid;rl_hybrid
dso;e2esr;gplearn;ragsr,0.6914002932748695,0.8925,0.5248581682088627,0.6959184033833801,0.746218487394958,0.4981093771424392,0.8925,1.0,0.0,0.5,rl_policy;pretrained_neural;classic_gp;rag_hybrid
dso;gplearn;qlattice;ragsr,0.6913303641250914,0.95625,0.4318110311436241,0.7001925169373486,0.8184873949579832,0.4980663260793885,0.95625,1.0,0.0,0.5,rl_policy;classic_gp;graph_hybrid;rag_hybrid
imcts;pyoperon;tpsr;udsr,0.6907719319293507,0.9804999999999999,0.441632431442529,0.5963479828872783,0.9063025210084034,0.5584965724702381,0.9824999999999999,1.0,0.0,0.5,mcts;evolutionary_gp;pretrained_neural;rl_hybrid
dso;imcts;pyoperon;ragsr,0.6898980474317804,0.958,0.4608584776328372,0.6543850728891873,0.8243697478991596,0.4937754746951692,0.96,1.0,0.0,0.5,rl_policy;mcts;evolutionary_gp;rag_hybrid
gplearn;pyoperon;pysr;tpsr,0.689737152692154,0.97875,0.503075626581099,0.5431399751329729,0.9550420168067226,0.5417133682714544,0.98375,0.75,0.0,0.5,classic_gp;evolutionary_gp;evolutionary_gp;pretrained_neural
dso;pyoperon;ragsr;udsr,0.6882479056795013,0.958,0.46049186404407016,0.6599481256259705,0.7970588235294118,0.5170898306075177,0.96,1.0,0.0,0.5,rl_policy;evolutionary_gp;rag_hybrid;rl_hybrid
e2esr;qlattice;ragsr;udsr,0.6867517722445264,0.88,0.51248701237014,0.7367904583398304,0.6798319327731093,0.5366652806512064,0.88,1.0,0.0,0.5,pretrained_neural;graph_hybrid;rag_hybrid;rl_hybrid
dso;gplearn;tpsr;udsr,0.6861662080271147,0.98875,0.46608956024299575,0.5383553094763414,0.9121848739495798,0.5547056298538735,0.98875,1.0,0.0,0.5,rl_policy;classic_gp;pretrained_neural;rl_hybrid
imcts;pyoperon;qlattice;ragsr,0.6853298767523773,0.948,0.4073539023431573,0.7157603452484856,0.8126050420168067,0.5018572686957531,0.95,1.0,0.0,0.5,mcts;evolutionary_gp;graph_hybrid;rag_hybrid
dso;gplearn;pyoperon;ragsr,0.6850951814233956,0.9605,0.41935844459311294,0.6675190446006355,0.8516806722689075,0.4866157210993343,0.9625,1.0,0.0,0.5,rl_policy;classic_gp;evolutionary_gp;rag_hybrid
e2esr;imcts;tpsr;udsr,0.6845926581408309,0.9125,0.5471321550582787,0.624809799110048,0.8008403361344538,0.569990228513343,0.9125,0.75,0.0,0.5,pretrained_neural;mcts;pretrained_neural;rl_hybrid
gplearn;pyoperon;ragsr;tpsr,0.6838093846200206,0.95675,0.41931306789719364,0.6550605239354079,0.873109243697479,0.4779289342477722,0.95875,1.0,0.0,0.5,classic_gp;evolutionary_gp;rag_hybrid;pretrained_neural
gplearn;imcts;pyoperon;udsr,0.6837668616141366,0.98675,0.43300195429822697,0.5674344858618587,0.9121848739495798,0.5658484553353349,0.98875,1.0,0.0,0.5,classic_gp;mcts;evolutionary_gp;rl_hybrid
e2esr;gplearn;pysr;tpsr,0.6836464289367891,0.91075,0.6085753501968487,0.5219559914883622,0.8495798319327731,0.5532070243145593,0.91375,0.75,0.0,0.5,pretrained_neural;classic_gp;evolutionary_gp;pretrained_neural
dso;gplearn;imcts;udsr,0.6830796159820706,0.9924999999999999,0.49895911613841804,0.49277028978661414,0.8907563025210083,0.5692172663148053,0.9924999999999999,1.0,0.0,0.5,rl_policy;classic_gp;mcts;rl_hybrid
dso;e2esr;pyoperon;pysr,0.6819156517986198,0.90625,0.5513394188927982,0.6024719791506824,0.8222689075630252,0.5598599041731164,0.91125,0.75,0.0,0.5,rl_policy;pretrained_neural;evolutionary_gp;evolutionary_gp
e2esr;gplearn;imcts;udsr,0.6817924467821685,0.91875,0.5385016779139767,0.5627157379108361,0.8067226890756303,0.5773421113784398,0.91875,1.0,0.0,0.5,pretrained_neural;classic_gp;mcts;rl_hybrid
e2esr;pyoperon;ragsr;udsr,0.6803636579849475,0.88425,0.5000344258196289,0.7035052597715843,0.7130252100840336,0.5252146756711522,0.88625,1.0,0.0,0.5,pretrained_neural;evolutionary_gp;rag_hybrid;rl_hybrid
dso;pyoperon;pysr;qlattice,0.6798668011014721,0.97,0.45829228182755966,0.5988304065151737,0.8945378151260504,0.5598168531100657,0.975,0.75,0.0,0.5,rl_policy;evolutionary_gp;evolutionary_gp;graph_hybrid
dso;e2esr;ragsr;tpsr,0.6795208871169982,0.88625,0.5334886453531648,0.6992939945164576,0.7403361344537815,0.49075749427734233,0.88625,0.75,0.0,0.5,rl_policy;pretrained_neural;rag_hybrid;pretrained_neural
gplearn;imcts;qlattice;udsr,0.6785967161762335,0.9824999999999999,0.44545454084873815,0.5544866456401771,0.8789915966386554,0.5772990603153891,0.9824999999999999,1.0,0.0,0.5,classic_gp;mcts;graph_hybrid;rl_hybrid
e2esr;gplearn;ragsr;tpsr,0.6785573549358894,0.8887499999999999,0.5248127915129435,0.6872313165757324,0.7676470588235295,0.4894225902908771,0.8887499999999999,0.75,0.0,0.5,pretrained_neural;classic_gp;rag_hybrid;pretrained_neural
dso;pyoperon;ragsr;tpsr,0.6774206342220762,0.95425,0.427988921737415,0.6377140715599205,0.8457983193277311,0.47926383823423746,0.95625,1.0,0.0,0.5,rl_policy;evolutionary_gp;rag_hybrid;pretrained_neural
e2esr;gplearn;pysr;qlattice,0.6770435196052946,0.9045,0.5551161516030881,0.5325076426910221,0.8163865546218487,0.5699756051667053,0.9075,1.0,0.0,0.5,pretrained_neural;classic_gp;evolutionary_gp;graph_hybrid
dso;e2esr;qlattice;ragsr,0.676814107996674,0.88,0.4800294467594041,0.725430166563799,0.7071428571428571,0.5075260751294883,0.88,1.0,0.0,0.5,rl_policy;pretrained_neural;graph_hybrid;rag_hybrid
e2esr;pysr;qlattice;tpsr,0.6760934647376724,0.89825,0.5637466287473901,0.5796006389850961,0.8105042016806723,0.5626237223016084,0.90125,0.75,0.0,0.5,pretrained_neural;evolutionary_gp;graph_hybrid;pretrained_neural
dso;gplearn;imcts;tpsr,0.6756426330038473,0.98875,0.46645617383176285,0.48409738963737164,0.9394957983193277,0.5313912739415251,0.98875,1.0,0.0,0.5,rl_policy;classic_gp;mcts;pretrained_neural
pyoperon;pysr;qlattice;tpsr,0.6731286918213458,0.9662499999999999,0.4582469051316404,0.5645626359429409,0.9159663865546218,0.5511300662585036,0.97125,0.75,0.0,0.5,evolutionary_gp;evolutionary_gp;graph_hybrid;pretrained_neural
dso;e2esr;imcts;udsr,0.672866025758588,0.91625,0.547177531754198,0.5352186030328036,0.7794117647058824,0.5786770153649051,0.91625,1.0,0.0,0.5,rl_policy;pretrained_neural;mcts;rl_hybrid
pyoperon;qlattice;ragsr;udsr,0.6720298534189508,0.948,0.4069872887543903,0.6747238716606796,0.7852941176470588,0.5251716246081015,0.95,1.0,0.0,0.5,evolutionary_gp;graph_hybrid;rag_hybrid;rl_hybrid
e2esr;gplearn;pyoperon;pysr,0.6717347396870247,0.90875,0.542663565052577,0.5535397814880125,0.8495798319327731,0.5585250001866511,0.91375,0.75,0.0,0.5,pretrained_neural;classic_gp;evolutionary_gp;evolutionary_gp
e2esr;gplearn;qlattice;ragsr,0.6712352716982812,0.8825,0.4713535929191828,0.6949062721539381,0.7344537815126051,0.506191171143023,0.8825,1.0,0.0,0.5,pretrained_neural;classic_gp;graph_hybrid;rag_hybrid
e2esr;imcts;pyoperon;udsr,0.670420415589567,0.9105,0.48122036991400696,0.5973513759037002,0.8008403361344538,0.5753082043854347,0.9125,1.0,0.0,0.5,pretrained_neural;mcts;evolutionary_gp;rl_hybrid
e2esr;gplearn;pyoperon;ragsr,0.6701322841994437,0.8867499999999999,0.4589010063686716,0.6827615806286571,0.7676470588235295,0.49474056616296885,0.8887499999999999,1.0,0.0,0.5,pretrained_neural;classic_gp;evolutionary_gp;rag_hybrid
gplearn;pyoperon;pysr;qlattice,0.6698738877324162,0.9724999999999999,0.44961642798733836,0.5506502038226592,0.9218487394957983,0.5584819491236004,0.9775,0.75,0.0,0.5,classic_gp;evolutionary_gp;evolutionary_gp;graph_hybrid
dso;imcts;qlattice;udsr,0.6694822964101139,0.98,0.45413039468895944,0.5262375157919892,0.8516806722689075,0.5786339643018544,0.98,1.0,0.0,0.5,rl_policy;mcts;graph_hybrid;rl_hybrid
dso;qlattice;tpsr;udsr,0.6694714868395499,0.97625,0.4212608387935372,0.5594329290192824,0.873109243697479,0.5641223278409226,0.97625,1.0,0.0,0.5,rl_policy;graph_hybrid;pretrained_neural;rl_hybrid
gplearn;imcts;pyoperon;tpsr,0.6692386408750508,0.983,0.4004990119915718,0.5303966346691668,0.9609243697478991,0.5280224629620547,0.985,1.0,0.0,0.5,classic_gp;mcts;evolutionary_gp;pretrained_neural
dso;e2esr;pyoperon;ragsr,0.668546836661322,0.88425,0.46757686020889294,0.684628339692461,0.7403361344537815,0.4960754701494341,0.88625,1.0,0.0,0.5,rl_policy;pretrained_neural;evolutionary_gp;rag_hybrid
gplearn;imcts;qlattice;tpsr,0.6684199254609768,0.97875,0.41295159854208296,0.534854514542801,0.9277310924369747,0.5394730679421089,0.97875,1.0,0.0,0.5,classic_gp;mcts;graph_hybrid;pretrained_neural
dso;imcts;pyoperon;udsr,0.6674881580115029,0.98425,0.44167780813844826,0.5105282206676138,0.8848739495798319,0.5671833593218002,0.98625,1.0,0.0,0.5,rl_policy;mcts;evolutionary_gp;rl_hybrid
gplearn;qlattice;tpsr;udsr,0.6672936189030971,0.97875,0.41258498495331586,0.5425129080571816,0.9004201680672268,0.5627874238544575,0.97875,1.0,0.0,0.5,classic_gp;graph_hybrid;pretrained_neural;rl_hybrid
e2esr;imcts;qlattice;udsr,0.6672823587853202,0.90625,0.49367295646451814,0.5925318902166434,0.7676470588235293,0.586758809365489,0.90625,1.0,0.0,0.5,pretrained_neural;mcts;graph_hybrid;rl_hybrid
gplearn;pyoperon;tpsr;udsr,0.6658176359275705,0.983,0.4001323984028047,0.5288762346251443,0.9336134453781513,0.5513368188744032,0.985,1.0,0.0,0.5,classic_gp;evolutionary_gp;pretrained_neural;rl_hybrid
gplearn;pyoperon;qlattice;ragsr,0.6632269457541691,0.9505,0.36585386930343305,0.65969405700064,0.8399159663865546,0.49469751509991816,0.9525,1.0,0.0,0.5,classic_gp;evolutionary_gp;graph_hybrid;rag_hybrid
dso;imcts;qlattice;tpsr,0.6629810099215832,0.97625,0.42162745238230426,0.5213074016015163,0.9004201680672268,0.5408079719285741,0.97625,1.0,0.0,0.5,rl_policy;mcts;graph_hybrid;pretrained_neural
e2esr;qlattice;ragsr;tpsr,0.6622662412120527,0.87625,0.47998407006348487,0.7099233659735863,0.7285714285714285,0.4988392882779262,0.87625,0.75,0.0,0.5,pretrained_neural;graph_hybrid;rag_hybrid;pretrained_neural
dso;pyoperon;qlattice;ragsr,0.6614534994735086,0.948,0.37452972314365435,0.6608088210942884,0.8126050420168067,0.4960324190863834,0.95,1.0,0.0,0.5,rl_policy;evolutionary_gp;graph_hybrid;rag_hybrid
e2esr;pyoperon;pysr;tpsr,0.6611481280348324,0.9025,0.5512940421968789,0.5620865506438055,0.8436974789915966,0.5511731173215543,0.9075,0.5,0.0,0.5,pretrained_neural;evolutionary_gp;evolutionary_gp;pretrained_neural
dso;pyoperon;tpsr;udsr,0.6608312200275089,0.9804999999999999,0.408808252243026,0.5171391202411884,0.9063025210084034,0.5526717228608685,0.9824999999999999,1.0,0.0,0.5,rl_policy;evolutionary_gp;pretrained_neural;rl_hybrid
imcts;pyoperon;qlattice;udsr,0.6602012769455967,0.97425,0.38817323284876837,0.5610286514809003,0.873109243697479,0.575265153322384,0.97625,1.0,0.0,0.5,mcts;evolutionary_gp;graph_hybrid;rl_hybrid
dso;gplearn;pyoperon;udsr,0.6600587291857205,0.98675,0.400177775098724,0.513155941109472,0.9121848739495798,0.5600236057259653,0.98875,1.0,0.0,0.5,rl_policy;classic_gp;evolutionary_gp;rl_hybrid
dso;gplearn;qlattice;udsr,0.6590624392131912,0.9824999999999999,0.41263036164923517,0.5169035227492853,0.8789915966386554,0.5714742107060196,0.9824999999999999,1.0,0.0,0.5,rl_policy;classic_gp;graph_hybrid;rl_hybrid
pyoperon;qlattice;ragsr;tpsr,0.6584627742244924,0.94425,0.3744843464477351,0.641530586646496,0.8340336134453781,0.4873456322348213,0.94625,1.0,0.0,0.5,evolutionary_gp;graph_hybrid;rag_hybrid;pretrained_neural
dso;e2esr;gplearn;udsr,0.6583846886176102,0.91875,0.5056774987144738,0.5096386902138802,0.8067226890756303,0.5715172617690703,0.91875,1.0,0.0,0.5,rl_policy;pretrained_neural;classic_gp;rl_hybrid
dso;imcts;pyoperon;tpsr,0.656635441499143,0.9804999999999999,0.4091748658317931,0.4881923863818251,0.9336134453781513,0.52935736694852,0.9824999999999999,1.0,0.0,0.5,rl_policy;mcts;evolutionary_gp;pretrained_neural
e2esr;gplearn;imcts;tpsr,0.6563457742050678,0.915,0.5059987356073216,0.5320040793660836,0.8554621848739495,0.5395161190051596,0.915,0.75,0.0,0.5,pretrained_neural;classic_gp;mcts;pretrained_neural
e2esr;pyoperon;pysr;qlattice,0.6559184388369659,0.89625,0.49783484360311836,0.5781310823809779,0.8105042016806723,0.5679416981737002,0.90125,0.75,0.0,0.5,pretrained_neural;evolutionary_gp;evolutionary_gp;graph_hybrid
dso;gplearn;imcts;pyoperon,0.655012475189863,0.98675,0.40054438868749104,0.48080730538014327,0.9394957983193277,0.5367092498136168,0.98875,1.0,0.0,0.5,rl_policy;classic_gp;mcts;evolutionary_gp
dso;e2esr;tpsr;udsr,0.6549523205028467,0.9125,0.5143079758587757,0.5468024335193887,0.8008403361344538,0.5641653789039733,0.9125,0.75,0.0,0.5,rl_policy;pretrained_neural;pretrained_neural;rl_hybrid
dso;e2esr;gplearn;imcts,0.6536767500554851,0.91875,0.5060441123032409,0.47864331621948025,0.8340336134453781,0.5482029058567217,0.91875,1.0,0.0,0.5,rl_policy;pretrained_neural;classic_gp;mcts
e2esr;gplearn;tpsr;udsr,0.6525864538238552,0.915,0.5056321220185545,0.5291304175871323,0.8281512605042016,0.5628304749175082,0.915,0.75,0.0,0.5,pretrained_neural;classic_gp;pretrained_neural;rl_hybrid
dso;gplearn;imcts;qlattice,0.6517214868277331,0.9824999999999999,0.4129969752380023,0.4753760934615536,0.9063025210084033,0.548159854793671,0.9824999999999999,1.0,0.0,0.5,rl_policy;classic_gp;mcts;graph_hybrid
e2esr;pyoperon;ragsr;tpsr,0.6515266969286447,0.8805,0.46753148351297363,0.6592324473100244,0.7617647058823529,0.487388683297872,0.8825,0.75,0.0,0.5,pretrained_neural;evolutionary_gp;rag_hybrid;pretrained_neural
dso;e2esr;imcts;tpsr,0.6510948574082129,0.9125,0.5146745894475429,0.5192089613949544,0.8281512605042016,0.5408510229916248,0.9125,0.75,0.0,0.5,rl_policy;pretrained_neural;mcts;pretrained_neural
e2esr;gplearn;imcts;pyoperon,0.6508660832385295,0.913,0.44008695046304974,0.5393158624986376,0.8554621848739495,0.5448340948772513,0.915,1.0,0.0,0.5,pretrained_neural;classic_gp;mcts;evolutionary_gp
dso;gplearn;qlattice;tpsr,0.6475638037658051,0.97875,0.38012741934258,0.49198401272339176,0.9277310924369747,0.5336482183327392,0.97875,1.0,0.0,0.5,rl_policy;classic_gp;graph_hybrid;pretrained_neural
imcts;pyoperon;qlattice;tpsr,0.6466087526962034,0.9704999999999999,0.3556702905421132,0.527733586246978,0.9218487394957983,0.5374391609491038,0.9724999999999999,1.0,0.0,0.5,mcts;evolutionary_gp;graph_hybrid;pretrained_neural
e2esr;pyoperon;qlattice;ragsr,0.6455778338246648,0.87425,0.41407228491921305,0.6724002834227425,0.7285714285714285,0.5041572641500179,0.87625,1.0,0.0,0.5,pretrained_neural;evolutionary_gp;graph_hybrid;rag_hybrid
dso;gplearn;pyoperon;tpsr,0.6442086637145055,0.983,0.3676748327920688,0.47083071098826274,0.9609243697478991,0.5221976133526851,0.985,1.0,0.0,0.5,rl_policy;classic_gp;evolutionary_gp;pretrained_neural
dso;e2esr;imcts;pyoperon,0.6430661867224442,0.9105,0.44876280430327103,0.5163248256505871,0.8281512605042016,0.5461689988637166,0.9125,1.0,0.0,0.5,rl_policy;pretrained_neural;mcts;evolutionary_gp
e2esr;imcts;qlattice;tpsr,0.6427713826979118,0.9025,0.46117001415786296,0.5655630176306606,0.8163865546218487,0.5489328169922087,0.9025,0.75,0.0,0.5,pretrained_neural;mcts;graph_hybrid;pretrained_neural
dso;e2esr;qlattice;udsr,0.6424821274507946,0.90625,0.46084877726501516,0.5338849498398185,0.7676470588235293,0.5809339597561193,0.90625,1.0,0.0,0.5,rl_policy;pretrained_neural;graph_hybrid;rl_hybrid
e2esr;gplearn;imcts;qlattice,0.6424428996735413,0.90875,0.4525395370135609,0.5133558697686157,0.8222689075630252,0.5562846998573056,0.90875,1.0,0.0,0.5,pretrained_neural;classic_gp;mcts;graph_hybrid
gplearn;imcts;pyoperon;qlattice,0.642075410715281,0.97675,0.34703981339781115,0.5087070025587253,0.9277310924369747,0.5447910438142006,0.97875,1.0,0.0,0.5,classic_gp;mcts;evolutionary_gp;graph_hybrid
dso;e2esr;imcts;qlattice,0.6418072869939704,0.90625,0.46121539085378227,0.5190219682666223,0.7949579831932773,0.5576196038437709,0.90625,1.0,0.0,0.5,rl_policy;pretrained_neural;mcts;graph_hybrid
e2esr;gplearn;pyoperon;udsr,0.6416294418299066,0.913,0.43972033687428264,0.5145329166100454,0.8281512605042016,0.5681484507895999,0.915,1.0,0.0,0.5,pretrained_neural;classic_gp;evolutionary_gp;rl_hybrid
e2esr;imcts;pyoperon;tpsr,0.6415580094783295,0.90675,0.4487174276073518,0.5529767832224016,0.8495798319327731,0.5374822120121545,0.90875,0.75,0.0,0.5,pretrained_neural;mcts;evolutionary_gp;pretrained_neural
dso;e2esr;pyoperon;udsr,0.6414463287896678,0.9105,0.448396190714504,0.5220090136653806,0.8008403361344538,0.5694833547760652,0.9125,1.0,0.0,0.5,rl_policy;pretrained_neural;evolutionary_gp;rl_hybrid
pyoperon;qlattice;tpsr;udsr,0.6391546496434221,0.9704999999999999,0.35530367695334614,0.510080793781752,0.8945378151260504,0.5607535168614524,0.9724999999999999,1.0,0.0,0.5,evolutionary_gp;graph_hybrid;pretrained_neural;rl_hybrid
e2esr;gplearn;qlattice;udsr,0.6355009566545191,0.90875,0.45217292342479387,0.4977517174384264,0.7949579831932773,0.579599055769654,0.90875,1.0,0.0,0.5,pretrained_neural;classic_gp;graph_hybrid;rl_hybrid
gplearn;pyoperon;qlattice;udsr,0.635471783129991,0.97675,0.3466731998090441,0.4944561119634649,0.9004201680672268,0.5681053997265492,0.97875,1.0,0.0,0.5,classic_gp;evolutionary_gp;graph_hybrid;rl_hybrid
dso;pyoperon;qlattice;udsr,0.6351006713472133,0.97425,0.3553490536492654,0.5011802140486445,0.873109243697479,0.5694403037130145,0.97625,1.0,0.0,0.5,rl_policy;evolutionary_gp;graph_hybrid;rl_hybrid
e2esr;qlattice;tpsr;udsr,0.6349789642113981,0.9025,0.46080340056909586,0.5465569634305057,0.7890756302521008,0.5722471729045572,0.9025,0.75,0.0,0.5,pretrained_neural;graph_hybrid;pretrained_neural;rl_hybrid
dso;imcts;pyoperon;qlattice,0.634087515456657,0.97425,0.3557156672380325,0.48496397074051945,0.9004201680672268,0.5461259478006659,0.97625,1.0,0.0,0.5,rl_policy;mcts;evolutionary_gp;graph_hybrid
dso;e2esr;gplearn;tpsr,0.6316161713083802,0.915,0.4731745564078186,0.4736396527406104,0.8554621848739495,0.5336912693957899,0.915,0.75,0.0,0.5,rl_policy;pretrained_neural;classic_gp;pretrained_neural
e2esr;pyoperon;tpsr;udsr,0.6314708926022151,0.90675,0.4483508140185847,0.5247919354638437,0.8222689075630252,0.560796567924503,0.90875,0.75,0.0,0.5,pretrained_neural;evolutionary_gp;pretrained_neural;rl_hybrid
e2esr;imcts;pyoperon;qlattice,0.6290283550804313,0.9005,0.39525822901359114,0.5398214541594462,0.8163865546218487,0.5542507928643005,0.9025,1.0,0.0,0.5,pretrained_neural;mcts;evolutionary_gp;graph_hybrid
dso;e2esr;gplearn;pyoperon,0.6268027311799266,0.913,0.40726277126354676,0.48361643922550385,0.8554621848739495,0.5390092452678817,0.915,1.0,0.0,0.5,rl_policy;pretrained_neural;classic_gp;evolutionary_gp
dso;e2esr;gplearn;qlattice,0.6225534030803122,0.90875,0.41971535781405794,0.47435186835697674,0.8222689075630252,0.5504598502479359,0.90875,1.0,0.0,0.5,rl_policy;pretrained_neural;classic_gp;graph_hybrid
dso;gplearn;pyoperon;qlattice,0.6218855398581942,0.97675,0.31421563419830817,0.46850150409165564,0.9277310924369747,0.538966194204831,0.97875,1.0,0.0,0.5,rl_policy;classic_gp;evolutionary_gp;graph_hybrid
dso;pyoperon;qlattice;tpsr,0.6201863023656907,0.9704999999999999,0.3228461113426102,0.4625977698862049,0.9218487394957983,0.5316143113397342,0.9724999999999999,1.0,0.0,0.5,rl_policy;evolutionary_gp;graph_hybrid;pretrained_neural
gplearn;pyoperon;qlattice;tpsr,0.6168819099217426,0.973,0.3141702575023889,0.4411716508941219,0.9491596638655462,0.530279407353269,0.975,1.0,0.0,0.5,classic_gp;evolutionary_gp;graph_hybrid;pretrained_neural
dso;e2esr;qlattice;tpsr,0.6166493066312567,0.9025,0.42834583495836,0.5016286983253183,0.8163865546218487,0.5431079673828391,0.9025,0.75,0.0,0.5,rl_policy;pretrained_neural;graph_hybrid;pretrained_neural
e2esr;pyoperon;qlattice;udsr,0.6157586155665074,0.9005,0.3948916154248241,0.4989061158496503,0.7890756302521008,0.577565148776649,0.9025,1.0,0.0,0.5,pretrained_neural;evolutionary_gp;graph_hybrid;rl_hybrid
dso;e2esr;pyoperon;tpsr,0.6112620779463008,0.90675,0.4158932484078488,0.4723470420555645,0.8495798319327731,0.5316573624027849,0.90875,0.75,0.0,0.5,rl_policy;pretrained_neural;evolutionary_gp;pretrained_neural
e2esr;gplearn;pyoperon;tpsr,0.6077696867598139,0.90925,0.40721739456762746,0.4501689280933261,0.876890756302521,0.5303224584163196,0.91125,0.75,0.0,0.5,pretrained_neural;classic_gp;evolutionary_gp;pretrained_neural
e2esr;gplearn;qlattice;tpsr,0.6059926316082556,0.905,0.4196699811181387,0.4507934490170229,0.8436974789915966,0.5417730633963738,0.905,0.75,0.0,0.5,pretrained_neural;classic_gp;graph_hybrid;pretrained_neural
dso;e2esr;pyoperon;qlattice,0.6035725298518612,0.9005,0.36243404981408817,0.4785521382064433,0.8163865546218487,0.5484259432549308,0.9025,1.0,0.0,0.5,rl_policy;pretrained_neural;evolutionary_gp;graph_hybrid
e2esr;gplearn;pyoperon;qlattice,0.5954648345480902,0.903,0.3537581959738669,0.43791280777506914,0.8436974789915966,0.5470910392684656,0.905,1.0,0.0,0.5,pretrained_neural;classic_gp;evolutionary_gp;graph_hybrid
e2esr;pyoperon;qlattice;tpsr,0.5828345569861072,0.8967499999999999,0.3623886731181689,0.4382849132917006,0.8378151260504201,0.5397391564033687,0.8987499999999999,0.75,0.0,0.5,pretrained_neural;evolutionary_gp;graph_hybrid;pretrained_neural
