algorithm,datasets,ID_Q,OOD_G,SYM_F_proxy,EFF,STAB_proxy,valid_rate,median_seconds,parse_rate,numeric_equiv_proxy_rate,HexaScore_clean_proxy,ROB,noise_expected_cells,noise_observed_runs,noise_valid_runs,noise_cell_coverage,noise_valid_rate,HexaScore_v1_proxy,SYM_F_formal,exact_equiv_rate,cas_equiv_rate,numeric_equiv_rate,pred_parse_rate,mean_tree_similarity,mean_var_f1,mean_op_f1,SYM_F,STAB_formal,STAB_proxy_recomputed,STAB,HexaScore_formal_with_ROB,HexaScore_formal_clean,HexaScore_formal_with_ROB_stabproxy,HexaScore_formal_clean_stabproxy
imcts,50,58.06679663122634,63.98946973507428,72.2,46.75447819567172,48.259227151614525,0.968,2927.832,1.0,0.444,57.06836506796616,38.49118828039087,150,750,746,1.0,0.9946666666666668,53.44286664659522,41.50328125463624,0.308,0.016,0.308,1.0,0.1847608570060232,0.7129728715728716,0.7906761904761904,41.50328125463624,42.78938508321483,48.259227151614525,42.78938508321483,47.764646197819175,49.871865594355484,48.73196811635338,51.086303357227514
udsr,50,63.76011210664112,59.8620857481072,35.2,41.04561494345951,45.86137912257476,1.0,3601.8355,1.0,0.352,47.92824111983027,41.13736031471694,150,750,746,1.0,0.9946666666666668,46.72317135065008,36.83411102622867,0.24,0.056,0.24,1.0,0.1292002376708259,0.8521142857142857,0.7672008658008658,36.83411102622867,46.7430228329714,45.86137912257476,46.7430228329714,47.227524486493195,48.54974286813107,47.07788039518774,48.36520103776106
pysr,50,51.33352443145672,60.71762138618468,41.54666666666667,17.824026653807838,45.66007918310955,0.96,3602.4,1.0,0.392,40.23082145136684,43.88164025570498,150,750,745,1.0,0.9933333333333332,40.8174834840808,43.61704673049727,0.34,0.136,0.34,1.0,0.2417867021683868,0.6830297924297924,0.7396412698412698,43.61704673049727,47.054159553809164,45.66007918310955,47.054159553809164,41.356438448057425,40.86911059458828,41.14965870430951,40.62402160285684
dso,50,37.03158342227677,48.041196907302286,18.466666666666665,24.177623511269772,41.94804783893773,0.972,2611.2755,1.0,0.176,31.955086338320942,48.29812179043572,150,750,740,1.0,0.9866666666666668,34.23248052789601,31.25513144011338,0.18,0.152,0.18,1.0,0.1829075559402875,0.7958943722943722,0.693759595959596,31.25513144011338,44.78159811346199,41.94804783893773,44.78159811346199,37.779697710365554,35.968649008370555,37.37035066394598,35.50148823483693
drsr,50,41.69623761919004,45.97710704557581,11.2,13.178212977469563,32.1647898104765,1.0,3901.0955,0.992,0.112,24.6501039215939,36.45538187521324,150,750,747,1.0,0.996,26.311316015128387,26.837936340024378,0.12,0.008,0.12,0.992,0.0975822343851688,0.8176857142857143,0.7742308802308803,26.837936340024378,35.15138385858909,32.16478981047649,35.15138385858909,30.890483429819938,29.883902829845372,30.43671329510677,29.357899111527548
llmsr,50,40.41238622302383,42.68755460830026,12.0,12.505835715944816,32.128776840236945,0.984,3609.962,1.0,0.12,24.210334270933604,38.88867606839944,150,750,739,1.0,0.9853333333333332,26.200194448351805,27.295481773919235,0.128,0.036,0.128,1.0,0.1021417031162851,0.8298730158730159,0.7562289044289043,27.295481773919235,34.87730115485845,32.128776840236945,34.87730115485845,30.460068856402483,29.007641889334103,30.046191727500617,28.535316203589588
qlattice,50,31.949603830263023,35.69644211804619,50.0,26.078654745183343,39.235486173509486,0.972,142.1095,1.0,0.0,35.744146164794685,39.70483963017958,150,750,728,1.0,0.9706666666666668,36.37569896936385,17.814556207077946,0.048,0.0,0.048,0.98,0.0294220996394909,0.6595448773448773,0.6407777777777778,17.814556207077946,33.808766786137866,39.235486173509486,33.808766786137866,29.87701668422694,28.22513230106442,30.627544607792252,29.078093457024927
gplearn,50,28.66467194856392,40.72096337010486,12.15047619047619,9.024932583551776,34.163684475981405,1.0,3602.4790000000003,0.984,0.064,21.28890860105416,41.37958224864829,150,750,747,1.0,0.996,23.78257353112721,20.01621360304642,0.08,0.06,0.08,0.98,0.0850725361669634,0.6967800865800865,0.5272236652236653,20.01621360304642,35.40048178546522,34.163684475981405,35.40048178546522,25.999462196861522,23.691906888623862,25.84581826223193,23.523997418609213
pyoperon,50,23.280666063877444,33.55405867395381,5.377777777777778,19.67739885124065,29.086360192966502,0.84,10.1265,0.9755555555555556,0.0,18.888613318436096,32.60757215090187,150,750,617,1.0,0.8226666666666667,20.688061914828324,11.304637326924285,0.0,0.0,0.0,0.984,0.025615131824697,0.5143142857142857,0.5794683982683982,11.304637326924285,30.18371748167541,29.086360192966502,30.18371748167541,23.560038499404794,22.077378439508173,23.415068766581904,21.914462964716694
tpsr,50,17.140449061744295,34.02903278688633,0.0,11.505592042130456,32.73816844967692,0.996,1476.225,0.8877380952380952,0.0,1.855098738987704,27.6383080373028,150,750,740,1.0,0.9866666666666668,2.909987347194008,15.240383616383616,0.004,0.0,0.004,1.0,0.0354677322677322,0.7356129426129426,0.6551650793650794,15.240383616383616,37.018690218675765,32.73816844967691,37.018690218675765,21.70791914952384,20.684238839599946,21.267857925016656,20.182093319454573
e2esr,50,17.58748263781012,33.76039769973923,0.0,14.49386209213337,25.65717754256273,0.8,522.4845,1.0,0.0,1.856952727248536,26.2117262440901,150,750,614,1.0,0.8186666666666667,2.8867996495236428,12.439509379509378,0.0,0.0,0.0,1.0,0.0007999999999999,0.8479898989898991,0.6812271284271284,12.439509379509378,29.0018409091585,25.657177542562735,29.0018409091585,20.817087465623853,19.879471556763765,20.396259048734144,19.3982029326794
ragsr,50,6.213086320285733,27.632447323448023,0.0,3.234339876656801,19.13579652805112,0.964,3064.315,1.0,0.0,1.0122127130318388,11.343152289285372,150,750,727,1.0,0.9693333333333334,1.514196077421751,15.72034587634588,0.016,0.0,0.016,1.0,0.0,0.9079460317460316,0.5792187146187147,15.72034587634588,24.460900758908526,19.135796528051117,24.460900758908526,11.58857715304988,11.63829569760127,11.123952685553911,11.080623715314237
