x1,x2,x3,x4,x5,target
2.161353823949706,5.9611603229704615,5.300200837155998,1.3770832431891342,5.324743389882011,0.3596991311311196
2.266725857647913,0.582389704701832,4.327737268471165,1.5418042353102142,3.937939467087317,0.6191382278008848
3.6205381530722485,1.5926069686206572,5.558004362048424,0.5744311809327067,4.656511771663468,0.443722175059813
3.1401690401299875,2.646781099575204,4.350598534538756,4.77988309580753,5.679960928727315,0.5774104857533103
4.801169503750968,5.813116634097006,0.4430180269497676,1.0823150372813017,5.787082547476209,0.2929000586595145
3.2124160497696432,2.278525626142817,2.9146753720443352,4.900841246265062,3.18484533810006,1.084564422365384
2.620690881761262,2.0724181253692504,2.7327408996239098,1.6955434016224413,3.21434937366978,1.27823891170191
0.9269355302700142,0.7904812435823294,5.482925983469404,1.0884451713049494,2.1343534970199673,0.40407507121241476
0.9250448007295451,2.1918358774805125,6.004174170247524,0.7688555119737572,3.004577078955469,0.41733340113071027
0.8673806421442849,3.220084103018581,1.5621977803328653,3.9438735712506836,5.752748869104042,0.4967142053403595
4.224661937880681,1.2213022436687277,2.1843565628045174,3.6512873586002463,3.2780260492304576,0.9233345622873752
5.59382444739117,5.815708663423558,3.398652108105286,1.796780653750152,2.209297069207058,0.4568710952944603
0.2985977896871232,1.4059263870452148,0.5687530703582968,5.261601059154905,5.9439003923307725,0.2895948979812873
5.6331644428679555,0.8974851378665241,3.943242751201759,4.633893187900685,4.3740713802712206,0.45868383091967463
1.9911497453218032,1.6998319740829388,1.7194098841905427,5.872248364113076,2.588497381714272,0.5628326107848314
5.401165467948297,0.9783435052447065,4.581128064894954,1.8663389861514443,3.5428247597062628,0.528192190592747
5.588767136372802,0.5963995340833645,0.127195943544071,4.378502292955358,5.954749863313647,0.27500610613054416
5.185346363731714,4.949285247140687,1.368592365000261,1.75541024275454,5.779259469986467,0.3919996103169608
3.6962160082833524,5.370020696283039,0.3780636100378349,2.3348744577544953,3.7121064131546957,0.5283805673953079
3.377589977028391,5.529487913839447,4.8407568664734555,4.617157272519678,4.233844914994454,0.5244707549970982
4.280017993168106,1.4352001641351275,5.565790787714075,1.4850609329397344,2.1135744503160945,0.5333015460720745
4.758382050276111,0.3099005840858277,1.2531786381333219,4.573513255112535,5.941320081022472,0.33889993471310426
3.529495081402393,2.447259319691546,1.8539184680046095,2.9809391025688,2.479439221989103,1.3945567898671045
2.6461612986119896,1.7033981124278585,3.8653386662554254,1.1805585114872408,5.025355574650453,0.6681088097014618
0.5319061620281806,3.8577198677768694,4.980101622311717,4.07200404442803,5.351542140603671,0.44589278129592647
5.09163987738929,1.903127942812351,0.4000186556874749,0.609234793886994,1.533607420983255,0.3967615663307401
1.2483360763560092,1.237751119454809,4.425385199989074,2.0904835148762704,2.9166275404062993,0.7122638114895455
4.003511011400094,1.2240739441098798,2.3351998989371854,3.3701386540499456,4.7111816569019895,0.7893873397870648
0.0734034472163891,3.1885241114633827,5.55716889341631,0.18140622994533512,5.003648239417388,0.31153911037382986
0.2432611079868527,3.908240836292056,5.793219672637123,3.5228496604913833,2.1050550157825643,0.44841269415891694
2.7883286499468065,0.7771046920024298,0.1149121511057158,3.735679973773709,4.3515905408641276,0.48360992242500944
4.61080537277529,1.2900729528072679,5.927057632720441,0.2687715627911222,2.5999778511423868,0.3744499703905857
5.9870911522938055,5.972457080979732,0.2572679756996829,3.2923003887871363,2.9029079585078543,0.32921095388611077
2.017330591249871,0.9428566118784074,4.003532811252773,5.277964635586248,1.7848648453186295,0.5595898090215882
5.535917786487217,2.1786623615202703,6.032589255191264,4.280569348705455,3.6311109543168616,0.42844477380088947
3.2754352517776613,1.134044073941952,2.0706452363770254,3.6902959201689063,2.9702802854749035,1.0102287589955783
2.731886316287481,3.9337801429027914,0.9171172469152065,3.2107853313191557,2.003280146790606,0.8833835025449258
0.9280414746399877,5.680332836183152,5.006427080854414,3.9530661902833426,1.0516824625740062,0.39671170013336576
3.048664521137358,0.20928137473690395,3.236821697244278,0.08433440717825609,3.019858081007961,0.46842656485456585
3.310947285580864,1.8267162372486485,2.264512899371766,5.651941829727419,3.113182467068113,0.7112461522052846
5.6035074022090425,2.3122224020180644,1.8292220139772544,2.9572130066601288,0.4526181071776249,0.49719099159366853
3.496818016503806,0.5936070116872163,0.5959123117621117,4.63238806703217,1.3547907662748138,0.45068193870958656
4.161930015268841,1.5992700197099967,0.5505139245256381,2.882627158365451,4.0495288311381925,0.6481975722319334
0.6939665911993744,3.1650890135805296,3.8203989378760506,2.0024550871606452,0.13536574614311497,0.49457637302510427
4.051894381272449,0.8475987373709921,4.352802074343406,1.0811417363071054,5.453314503228893,0.44903143980251076
1.249986957832783,2.3479159234643743,2.55570070601392,3.1715928411715373,2.210036488522934,1.0708188617926446
4.604445084599417,0.9878616108779741,1.8920895419811428,4.2571509069062925,4.882772729485834,0.5563074340086607
3.233752218018861,4.123835614398956,0.8172698033109922,2.647386718608047,2.7248104986118715,0.8863658514829262
2.7657031254546487,3.1380269189154104,1.8849176430276393,2.717825738962859,1.985168476338082,1.3464639685187758
1.3529611013995597,5.509935353475251,2.4644560530785378,0.7652742801532602,1.4797151616606055,0.46286471213108704
2.8822664379047573,3.041127718017596,5.069735743899781,0.11949265474635636,5.9286061118144495,0.38206706993065354
5.435470939600113,0.7719422262420355,5.583703280209964,3.7182025372836227,2.141715237143498,0.4197491928104463
1.7739238667513673,1.225496795151404,5.122328023284342,2.023880924039346,0.3833415910355688,0.4554540807450237
2.340487049896746,5.084031618679592,0.6359607069326856,4.757058836507833,0.18290747114861444,0.3789300784827492
5.129108656144156,3.140321759093981,2.7004603474604885,4.319011992263337,0.3176648687667886,0.5382933183702732
0.636616589941789,2.1241778107507034,1.6660985786780305,4.0915432455759015,0.2670787978605759,0.45887844332294375
0.7954598241976603,4.530187501072975,1.7963968503590282,4.228040769383075,2.8508727304212194,0.6587417925098135
5.100718649397223,0.14491656129514946,4.047466348576879,0.6504728082599822,4.611883428512564,0.37341087186403393
1.8791320972089771,1.7387817039265883,1.1540507539936762,5.0238415120327735,2.858769198994656,0.6506000689189552
2.9206986493103346,5.73620562994884,1.8022025314155028,5.557676792168423,2.0587110516902327,0.4682620375915624
0.17682233409499343,0.9777972581976206,2.5649484317760396,5.4856465698890196,0.8180284645544362,0.3547565544765994
0.5001845084091963,2.5303430460401524,3.3386284256481367,0.2538291038805364,3.1223742317992107,0.5224454475949156
5.756444764579272,1.7393143916725076,5.073032131923263,3.056704110681337,0.25988194100284984,0.38467100661348397
3.6718313247164005,3.924728058840164,2.425501321116784,4.240575757674817,3.411561833949291,1.19833105116433
3.1954062660764766,2.9871559756476227,3.0635693689285173,2.819988147685378,4.987439204442094,1.1080690306107306
2.32402747788832,5.833945172499919,2.3335229440840015,3.084525293798986,3.574746734268366,0.7007780132876306
0.9164233340157568,4.481436016414583,3.0741189559286872,1.3454780431186961,2.97598104086794,0.700306700670122
2.528339290864645,1.0936623993294379,1.619214317199006,4.823017515924653,4.358373587184869,0.6276783175102376
2.525237005584704,4.362550031007205,1.785130629684467,1.2547464822070087,0.9621550578478963,0.6346558152349534
1.6438681945713822,4.216823767788485,3.4504040523820825,2.3906099986472524,3.3170461678560126,1.1117915507329796
4.420384214336326,0.4770948107933512,3.292453970228397,1.775371053234005,4.203958297241527,0.6091134504273898
1.971589917147528,2.5848983866491206,1.7516498872423902,3.426839070649337,5.488191273193053,0.7061347974853323
3.592024630047187,2.2237994070022413,4.328540154989373,5.702202496825199,3.3316431287100423,0.6609435579301454
4.412628610188892,5.071440358751242,1.91675021089837,2.2008028666733903,4.403051932344906,0.6636983581226883
2.954857934856858,1.9020876679956422,0.17117404638917216,2.223495599422165,3.6074087667764454,0.6586916642817904
1.0161486277417509,3.45577777521196,2.5005724965400895,5.825497585240052,3.418928958173086,0.5697432528179421
4.181921779139635,1.6196627167632305,2.0015745798635582,4.248800191907819,0.6830702948178888,0.6162648841579331
3.124729724223957,5.195870581866255,1.4262094120568602,1.325909162648644,5.400611202414191,0.47893325377277657
5.9190439390029566,2.415307355665407,3.7497488180681766,4.310042439009588,1.1422955887732784,0.5104102465430588
0.514489641725626,5.0312496029642055,5.626798783360124,3.602287216507487,0.45070314176784837,0.34405082738219045
5.731399013801164,1.9426348503850692,3.2044549364003068,0.3053570711985875,5.9307899865739,0.3393166864250656
1.8991466265287569,3.4995765453608385,0.7753193391179278,4.853633422548673,3.9946829488292757,0.6314721972723202
1.223096679185079,2.217170603152185,0.620960420218768,0.3280966214987386,3.8850967636143876,0.4473772399935403
5.710998523886542,4.389462662430611,2.8202259793190025,5.012709144994969,4.069798276188079,0.5126127169908665
2.7291846460406477,2.8622999907160636,0.5566308834725422,0.7797839569344489,4.8217586024276775,0.5178524835038747
1.2321451891531419,2.75757204577974,2.603405403789585,1.5713123541242187,2.1028675967944723,0.8938656022431227
3.495448964436206,1.3657193961694403,0.3746216600301084,0.5207167742576171,3.1813548351319136,0.4764470977196469
1.1398762016468371,4.609440005280713,3.824116731623767,5.792069277220861,4.897534604364999,0.43241720224598934
5.9977769284145905,4.87630692673915,4.851301230132035,5.955703695411665,4.032746803176885,0.3253380347124537
4.044584728704705,1.4012303970148023,1.9003698469320456,0.6945639547533209,2.4257565800778638,0.6451113946414435
4.4209552170674105,4.001711725988172,1.4105723813295208,5.318858916490912,4.430705047906548,0.5563949739831262
1.9455504369354653,3.7582508153043417,3.193687490413678,3.782134341130292,1.185015958340171,0.9407139294772623
1.2227196920976027,3.5086947541465134,1.9726736098875781,3.5967515106848653,3.6269846309555867,0.9782709153993697
4.7191353524400315,5.170303741930505,1.1973195639273744,4.012323315331744,0.21429557924096237,0.40485421726409254
1.1654810862015836,1.677890312852258,2.9821749935341044,2.7579525695168936,3.5242679083841217,0.9571947120131669
0.44180792109932726,1.567332886360886,4.357139179817904,0.727945253992899,5.238069245935058,0.3904740689156439
4.38706947810427,0.5871806874777088,2.0493353092017794,3.1699952656080344,1.2761380319652074,0.600599857463232
5.577945998798322,3.299377481883531,4.098669702706498,5.16219056324141,1.0222796992035197,0.46449076804059347
5.0244551563118405,0.7006161650509335,0.6632870593758602,0.6916096071312325,3.111243952774747,0.39703252349144913
1.4204732541653693,1.2760875937870313,2.608806871435958,0.20017863590149448,1.1914663740004527,0.46020166061440815
4.985735799857692,2.6369706424101347,5.037410379513319,2.372586108089013,3.789711593672561,0.7020859366232408
1.2414693777107604,5.900056333336637,5.150656570462119,5.463681981811797,2.023665361739725,0.35522668065104757
1.49633941118611,2.7024922522278,1.0190869838415888,3.7506775854202057,4.360892026559939,0.7305100103219352
4.968009186508736,0.4130555545039191,3.517415396529299,4.977730741158629,1.5926994496681446,0.4602997424223171
1.8857850869354684,5.418262081905264,3.9093059178379477,2.739649735491113,3.3868346270945797,0.7613985023588836
1.8888389266919692,3.1472769135058787,3.549960387269554,4.405830185831506,0.7345119024862206,0.7316562432367671
1.0477213795888887,0.10993934454080408,1.678072118252274,2.3859622260454567,0.21001810387601,0.36938019754077045
5.9984235013104215,3.7227464146802127,4.493481247402582,3.0639842815858134,4.880037309322608,0.4930473815360685
1.3972690090159259,0.7774504493401533,0.4898738773288293,2.6974468014453397,0.318935396366748,0.383305480401056
4.132044412653035,1.9867829023799035,4.057292973920017,4.018767066728678,1.642888867316163,0.8845143690114717
3.8402614640941244,5.685914185028972,3.673764182170735,5.674226235326148,5.018792706268957,0.4064851872877574
1.5694709097675383,4.2254592907216235,4.112722311039389,4.938661301089483,2.6048824223267273,0.7298822323151563
2.295294336930856,3.7126196117894814,4.286531742274776,4.8512434240825675,5.1399840348728665,0.6383154766221324
0.2932609710980402,3.8501389803579418,0.09779304431668874,5.755240196348594,3.9653778710469973,0.33338577887692894
0.4158163091080704,4.289061592802361,0.34568291560953107,6.04405722824935,1.1816834074923015,0.303419747220287
1.7245654921131428,1.0590474669376113,0.7573836907345326,1.362790302028277,0.9787407038313931,0.45066761199666244
1.814415085725908,1.2772791900452367,0.6112833947388514,3.1603483919625814,0.8299565085381788,0.5046899331538064
2.3051761889457096,4.272088510127568,4.350410499630657,2.537466694595649,0.968149540046793,0.7537526798013563
0.5916106709921916,1.129131087032907,0.20162024933768524,2.922215832894942,6.0219123929987415,0.3198012241861916
3.696288747903408,3.978729109484898,1.3190405604870692,2.0350675296594054,4.66596913886355,0.7707187798852415
1.4816241149870168,0.3980759359273138,1.4767898419527428,4.131055554480424,5.259759256449888,0.43895377816792647
0.9394914646834092,5.057811612719911,5.964092384673939,5.473764584455568,1.4625142225509573,0.3252085245605519
4.492974150246759,4.501199549698162,0.3792924217195845,2.0881260541804627,1.121265810034823,0.48281571104198584
2.6594456781455196,0.748032756924079,4.7807394729052985,1.6845597681889546,2.1097288094165285,0.629670082894241
5.869599729910272,4.7955289223429896,5.523346068780062,2.519063023295895,1.5415928800368026,0.3970766611565948
4.968760847433177,3.4299268379352217,4.58358691221557,2.026410478477659,2.852053581885642,0.7975519259784879
2.44622750006195,6.020143727388594,0.7022771140450617,5.373163843896507,5.857760162777889,0.2984525620762812
1.1191737192902191,2.9033498683189993,1.3950461673285732,4.423653373931128,4.935834552893202,0.5918220877046716
3.0850406223635645,5.44562223681021,0.9494617739796105,2.67166523949397,5.24269090869011,0.49187246476270485
4.141828281018714,1.6929094709498267,5.374955657865639,2.8183228838425496,5.206793689600929,0.538920376513565
4.053183817291514,3.109499512894774,5.145683668777632,3.6914278926614665,5.326312484969402,0.6018677034131565
1.7156426470529669,5.338681251577858,4.349823628415336,5.482313591640542,5.837995041515888,0.3551499048206413
3.1760123474816377,2.8994265055202852,2.841329497884365,3.0917352394165523,5.841960270635075,0.760373862159996
4.540035782098269,0.18728579113741967,0.7267621344195663,2.9514017436017963,3.1153723860138083,0.4886068033124
1.43947357626364,5.507647375391073,5.928406655728771,5.46608144879722,5.60782724007328,0.2842409087842714
2.377328748060187,4.350664534132849,4.737590276402671,5.08159453468743,3.591313233589625,0.6705144681436148
1.313201374461742,5.280238434396268,0.1654339596414322,4.319105191167551,5.031741871582825,0.371091179305372
4.35724768330244,3.215601934789957,1.1585130641661094,3.247947993604436,0.09839518904516016,0.5330357348074933
4.0365084282724295,0.09559661611660748,4.801111571364915,2.1720119531897972,0.8444597030136394,0.43316614923709273
2.7741490887134654,5.790239428201743,2.4190321283681167,0.7420843521532168,2.0642381355565034,0.5222531626488952
0.7890384497345095,5.142190213414305,2.42708393006819,3.7279993131745766,4.93207337393116,0.5244263851926745
1.9711209241486893,4.016572446528978,5.7557679201309355,3.6812022971902216,5.0773395307333,0.5137256020409049
1.2283849308735222,2.5512774959236513,0.7325065643374391,2.9484966336877747,3.364960594464248,0.7343574257518997
0.4473313401294498,5.173905357617917,1.8187414245296722,2.9193070370408014,4.683795529941501,0.48830432156830617
0.15759323351079585,4.7840628412977715,5.0798239754681935,5.000127217830341,0.8838614559114046,0.3440401442526064
5.273523514582536,6.018272705864746,4.282894614853228,5.548069564685842,3.0580522477280283,0.3646876392640194
5.985636416481601,1.8245675560683992,1.436019766303446,3.1317599501530013,2.997591713591599,0.5630926477044399
5.2100941609188505,5.348440494016217,4.872414174025178,5.849623426331866,3.859140602971725,0.36017735079945035
0.7713818881774261,3.78705378912265,0.5058203743913419,2.5665470711225105,4.94348385580132,0.4814141567946723
2.870916199016402,5.959304162777424,0.753716243432756,3.4300458488411536,2.1749322515611946,0.5079852566621171
1.4693296848019175,2.3406943168404277,3.217862961438447,0.16375795876775062,3.379491954518848,0.6244776662862196
1.2940130270826196,4.791454797633782,5.225159971840902,1.4877331884684657,1.83275763468756,0.5070879641904097
4.317901535210151,0.5945391422373154,2.074747903000957,2.220723288930657,1.6491707657220427,0.6324626781347419
2.506539254679254,1.2308480620482458,0.9443802068173406,3.8948020357502684,2.9644973033885327,0.7462182064903167
5.768053678940762,1.6380706034413124,3.861361294904282,0.9415220131838156,4.1264903673256255,0.481574286353583
1.8293861480083708,4.309184323511711,1.139947461258043,3.9899464659184685,1.40731107971074,0.6639776531171748
5.297676464728263,4.149173065278174,0.7414372842176904,5.11779666483229,2.7726599898583215,0.47085928171852215
4.888581147210235,5.115208679671386,0.5503500935930292,4.655142255605136,3.3049356979282454,0.45716139776429954
3.819121289375806,5.114789203445945,0.17027916792428893,3.984339995745982,1.1562972384777672,0.44407382735029405
0.5606189689374133,0.3054311024581748,1.5158393103232897,4.765025784430983,5.631489067617879,0.3283633887831271
1.6622213285470868,0.6401503346809749,5.068235444730621,1.2532698754489477,1.9434268778133683,0.4806871219654965
3.887783806289036,1.1559732772620943,1.287266374690405,2.4678449971066145,5.1757218207930205,0.5834644256095474
4.102830975416861,3.9387813756836887,2.805443460865665,2.571667172242022,1.3716488493686745,1.0029692544021673
4.124962460231129,5.928711444574367,0.9962571384858472,2.1943090483124,1.9363817077153311,0.48453606776432795
3.0811684903633854,5.788672805229372,4.291847765283626,5.090283404754985,2.972514420661526,0.5312876589002052
0.6090570275225653,0.26568244882791053,1.8145013945560255,5.322622763412533,5.780398469906026,0.3055889169453844
2.330290825097471,2.8829792581285254,4.576940689779113,0.878003382939101,4.39468096826025,0.6945915233262987
5.9609874407440815,4.026404865475664,1.9469369035232909,5.705830791810306,0.6934021847796856,0.3499953372106444
0.5313170158606149,2.178308509243002,2.5951037572929136,3.773097023644281,4.0508449613784325,0.73338151848527
5.944076408959531,0.2594851630701535,1.8382483390000584,2.2197327813540153,1.4888246073991358,0.39338882704538475
4.613077320361455,1.9399522720408116,1.8615966452968238,5.537722994892473,2.5736433949800928,0.600835168871074
5.001171506136811,2.9945057466089953,3.15247410418452,4.207662816305819,4.016493490374999,0.8680800886063007
3.85071936571804,5.640801591155036,5.139657896556395,1.900622674743379,4.52124455220484,0.48080372177315783
4.457614571707447,4.310562540632613,1.6581599246596952,0.3009276378033036,3.468885601257925,0.5510372180119423
0.3471817764530564,3.192098869134316,4.960133556298357,4.2294840903013196,1.84803151638787,0.5331873799913783
3.256384178138985,2.2882780163518213,2.9580699156909827,0.9257900952304103,0.14096729260148771,0.5540026887337404
1.414766713539842,1.0252525689968182,6.00930517299881,5.915559319349492,5.7987116777068595,0.2717259664003071
3.8811232138909024,4.579677407689176,4.321159835225203,5.360205990003888,1.1404588363393564,0.5250532355415114
4.644645186288336,4.828277981444483,0.3678966436567616,5.110348687469128,2.328728346774202,0.43707051206385517
4.121940869299776,3.69105315105148,0.4444736886026283,1.5522377136523235,1.1082516050654676,0.527934377158305
1.1393552144176506,4.7384565626436235,1.7480087238792446,4.212273502624224,4.448069074844705,0.6017490382974889
1.916121155670186,3.5766735597377948,1.0135779130121112,4.309619735994571,5.891696081512527,0.48708663833741456
1.3955875696061921,2.71332428131151,6.039400329524137,3.451437574036685,2.8412355409225736,0.5840003088916986
3.02275844989068,4.378395016317081,3.0307439473393702,3.755068766276164,1.881192569443225,1.1463558383236276
4.158580436459805,3.1873031817706883,1.3485077579964848,1.9706070546058125,1.7353868632193117,0.8500716726647474
3.4352809728145237,3.9751684949875328,1.831941618464094,0.6106987320731714,1.1490242347899524,0.6009739865000597
1.5845039739718978,3.8873117458077133,5.85164293550963,4.593708844210314,2.154951995662767,0.5214625491833921
1.0811074442910973,5.687906569497787,5.488515026881983,4.436444830429343,5.700104624374851,0.31792826609162983
4.535789693038182,2.6344214635733683,4.863613734458062,4.287152770032532,5.368989396826184,0.5484191954912496
5.723100228514019,3.3756746934574204,5.665998075243179,1.4288656651348204,3.072109623388405,0.45171984501070933
0.6861167668120967,2.3696355925986587,2.3898553171140007,1.1055985084017754,1.3007452818866918,0.5681845607893063
5.782977367912537,0.4752062029846211,5.51222601399841,3.039617659660733,4.092338247288282,0.3755784090789089
5.7481673665772695,0.5173672023477831,0.2067558396827784,1.4399309372131535,0.8539352914446974,0.29799587372643355
2.2630363756757657,2.568886744605316,5.905131014071164,1.4331032523266976,1.7443810055801483,0.5494353129303963
4.615454467393427,1.899402569446561,5.833382243250292,3.9312492134559243,5.590963855358115,0.40934314975116853
3.736097513637208,4.523656130080618,5.682888473766504,2.591648928537729,1.2949728783956145,0.5514160690609107
4.753440509629576,3.8527883979314064,2.2977918658136223,3.8271025398691183,2.749535284247022,0.9958444286870967
1.6626783134673007,0.11773208522995544,2.4174649795251746,3.297575994717774,3.709269558657808,0.6239525608787821
0.16870451330028974,1.166213928836873,5.152402573538508,4.58691610303834,5.378983462944492,0.3425865109294426
5.007022795682301,0.09149129510663197,1.167784613363075,2.4508244502991112,0.9765620867486848,0.39618911419898883
4.431832602855636,0.40357479255148515,3.42871764737521,4.495319672539155,2.1733178484789875,0.5918997950375658
1.471912441426096,0.5412880320690137,2.583572565356431,1.2542167542878864,4.409436442590226,0.5379815466052901
5.475592020763441,4.8541599292851485,0.4345293810732926,5.237168777771428,4.487911873629721,0.352523412042543
5.289634000302936,4.112223538033189,0.21432498741040668,4.428771734090483,4.9906668687138795,0.3961401124729182
3.807619838202717,0.8533750072646955,5.343400925088628,2.691671131421759,0.20720743908472555,0.42289496615034705
5.166548560423732,3.9082414138410755,1.07900184176972,4.378445285037753,2.013934233611713,0.585428469240507
2.7637233418570277,5.3106767055684045,3.330371240626152,3.9429923365773836,0.8329853665304103,0.6215277720943012
3.4820334467063665,0.4902267068742269,3.321635578030042,4.598980292053943,1.380873396562685,0.5947751405360487
0.6901320484744364,2.1059493881193463,0.0921259523250217,2.865335070014228,0.9975687606690695,0.4233984651802287
5.918968854454181,3.7294623144309442,5.250207191707898,5.72181529696111,2.531784294476987,0.37392359589363766
1.2806169942849557,3.760671380754682,3.2613531503753492,3.628832856789595,2.065461561098995,1.012966252204376
0.7766255156212318,2.260180143358877,4.223994262139468,2.4213959224075974,1.0608206179659818,0.6217324529913234
2.046938638367247,0.6110857981651714,5.186610656990817,4.696377308033813,2.9645462105226756,0.5187944675515237
1.87713811025722,0.818689657033133,5.192074202002369,5.148408657441763,2.1307726639809976,0.4718018458779136
2.2740992939881823,5.6575002177070965,4.509031585824756,1.412904094873341,0.8792751473224967,0.45698068630298233
3.736232097831593,3.7041846704736763,5.597808623428015,0.5103636140144641,3.968356741935776,0.501944343907187
5.863283010649621,0.27071254326731115,2.70784867722014,2.395578371106006,3.3536718335390527,0.4711833390249301
4.505177487636876,3.6921063123849827,5.566313450447186,2.013217116043979,1.7518098818749221,0.5930405209678016
4.3546515774852095,4.192914304936789,1.0714582637340615,3.627338278253105,3.971495434489655,0.7510464691846632
2.9671798715851967,4.508234607992089,0.4184206962297647,0.9768554077513143,2.894450757774109,0.5541807200443737
1.7617859930214517,5.880712059228325,5.020117745303365,2.414694230846824,0.4415736719323488,0.3875866879725167
3.02311875449727,3.6782674554290278,1.7584063784201611,2.7058558325725777,5.111869520478512,0.8659021049901344
4.538557817860967,3.108888137415394,3.7913880307476457,2.64224281291094,1.1434366110715153,0.8635481921099976
2.442676986938956,3.483323301197535,0.24143975067472806,4.594046493229474,1.00916795679457,0.5086919830247167
2.8025327089178296,1.1531211719011967,5.142438151782482,5.759005050924798,4.774165087818576,0.4201721877248425
3.7920394654053324,2.365403850903271,0.8719673636263146,5.390375223086364,1.7907345427312455,0.5638638277387268
1.8925455753026867,0.40217715630032064,2.60249427900224,5.299953818676406,5.735889295311625,0.38598075542622995
2.625565490780771,4.09132297188835,4.088077912117348,5.646054823792597,0.9879184340854854,0.5386428020260408
3.8455832445770843,3.029656911917411,4.789046496512566,2.6838958863649363,5.349798685433168,0.687849988612405
1.385042916592179,1.284930220621444,0.5585956887242829,5.257530751457107,2.8245055321233528,0.4621659589962886
0.6510195725483998,3.1298291429547023,0.7638791429436926,3.1851046369697604,5.477847197751776,0.460642866828933
1.7954144551985458,2.910845457772001,3.272040536560543,6.006851806912182,2.173832061921854,0.61513128837147
3.5540094029697755,1.9604799361298255,0.65100242216136,5.360877890475939,2.4151846825168892,0.5611334914379057
3.3139938981387225,1.737196158477596,3.096985533436066,5.813479374892123,2.243915828281316,0.658327787823633
2.9796051410873114,3.766347822905365,3.368933156288181,5.421612304390829,0.18832507174411556,0.5129904924908899
2.264842144751472,3.836831103121259,1.0645260561472034,1.4761305131917661,5.329388037557475,0.5638558393900136
1.2543904273219744,2.2208444242486975,2.876519683889099,2.5758167387756203,6.0282596088665885,0.5549460004727456
4.057480864159279,4.530323291045163,4.661169873707363,3.1114698405980556,6.039126770668179,0.4885589853811234
5.9636320847082205,3.621901292072982,3.343339524075094,1.420529943433938,3.519289173732771,0.5864364766371657
4.295760184686292,4.99283750473099,0.1287878710004126,1.756329329937067,4.109692806432162,0.4614165823998038
2.5365570194090594,1.8420812936216455,0.5005212815713502,0.7053498853205149,1.2987453118617345,0.47703925047060547
1.1427883730107362,1.7386163124652412,0.643649977242174,1.7126345939041834,3.396382810414755,0.5744769666302045
4.084765595054009,3.457698641716138,3.991979264514987,3.312740422601717,2.48781705169717,1.2935999371958202
2.5963761340731977,3.5683787376645046,1.6999470037115185,5.818184977441119,2.517522228726995,0.6514209932426009
0.9247756972714674,2.8968262705936887,4.346580807630641,3.579392108629885,5.5401095495410155,0.5580876508267154
0.06905623310042604,4.248690736665833,1.996671732379753,4.21214849756114,1.1872785554634868,0.47820370127600453
0.08651388243904497,5.221541899008895,1.6570451742584928,0.9964778215624912,2.3877812054930208,0.406238352096301
1.5031408345242985,1.0847152007575374,2.9362191250541176,4.0500190141939205,0.526808366036998,0.5515054219272355
5.31529663739614,3.939696488980868,0.27296238919769417,5.822119746634308,3.47953748301813,0.3720974786889428
2.1290973550448182,2.538225173984588,0.05926391571328833,3.1516207850160978,3.2374763018506547,0.6803174642321838
1.0835292193028854,0.13223828538251986,3.0233165358943594,5.994213655648969,3.4212157180258975,0.3840216389708884
2.123083829346408,5.937547354832907,0.5633070314563773,4.694735333690635,3.599067574111555,0.4243284676310501
2.1979724692561007,5.355820622190673,5.207429711240152,2.0504190919974334,0.15520420279645258,0.3990351024332333
2.9138901349083417,4.725267989166329,3.477790075273565,5.896769074041745,3.606720097851016,0.5892186569113949
2.2902012391114557,2.71945214574943,0.5289509754845401,0.8844110409469828,5.900134058294957,0.4069159622366555
6.036947716148247,2.847387944818343,2.2781066074350034,4.267773611568502,4.625407750366727,0.5258543598735528
3.6435213530714794,0.2694109312968828,1.2745242108472328,1.9432302004489743,5.442879751630085,0.4360732531273883
4.547645620929606,3.534086230365311,3.3980778425589087,3.47531300170096,4.359834731271162,1.0086752136420005
2.497181830425207,2.5322543241468485,5.158055586026085,3.921255074381653,5.111503887850943,0.6478372501366119
2.8494554921629693,1.8005947002007283,4.793119263138456,5.013921895219347,0.5838715838193587,0.5109843407109759
2.184801097588842,4.559354221095844,5.04675654981816,5.625158927836854,3.481221148999012,0.5152413438300554
2.65363222634513,2.0307241985200375,1.500392635476362,3.8704632197082858,0.8405503513244934,0.7283736328324713
4.82833580667823,1.4700937865035162,5.238114572944033,1.2417342807643652,2.0592901034072644,0.5084138647269691
3.991788176921308,1.9391891494760451,5.045419177169393,3.7714744364528237,5.564952908350409,0.5415105971518605
0.6604122948769173,3.1702379548673116,1.1829408680621962,1.1098091713593365,5.2268149367196495,0.4477101094121345
1.4502803043415495,4.365736362258649,4.414361891866107,4.535857577720212,0.8974188304185977,0.5541089439147466
5.243177643605254,4.150791367465412,4.053085512238547,2.739952710128448,3.3243186123944968,0.7912667594293549
0.5925185110840572,3.537827447183296,3.4675800842530924,3.229757066436966,2.910826101129221,0.8799256214663868
3.697994691869784,5.580084054544231,3.6102141853579943,3.7496274206668767,0.5073378902634018,0.5183577073136175
0.9123578595381783,5.778825574988341,2.2094271251236908,3.850702423873721,3.920967498664538,0.5187528506844683
0.7385066128214486,2.0294599462221847,2.7150778603020127,2.3836865277067156,4.4251621782632755,0.7380939635391789
2.8320286722719286,3.3016468439370654,4.4758362439562065,2.511354614916416,2.597878888771797,1.2990769335738457
3.6054564515756753,3.622227853765692,4.547562580842501,3.6180710578926982,3.820657163054253,1.0864623029974305
5.547289453511596,1.9911443839386584,3.293253298906114,5.8262015846640525,2.7183792529314665,0.48404593425608605
0.8387187772761691,5.309878179786741,2.9534271747953937,4.910503676645639,0.6269286160229803,0.41168637905207456
1.027581558002745,4.4839047148575935,2.0532241406568836,3.7874304538532932,2.719819656757159,0.7881872805140145
3.63166818737434,1.628148320003406,5.165355832478228,3.143135294668065,0.6973701035765285,0.5782907423830926
2.630096363696648,4.050210391720381,4.074096655389892,4.872740570030154,1.314923789303882,0.7277970973726355
2.866333938813708,5.136202883621083,0.47199210105532446,4.533093474680451,4.987140411557367,0.4490112696107401
4.064264652421065,5.621198731979933,4.281532074314032,2.2452393566386526,5.9857636842971145,0.4144199079974958
2.9512601106753484,3.7162046209140183,0.5045693676690315,5.2374473293841595,5.523704972273067,0.43256793580297775
4.410490893710989,5.698832204935745,1.8959838876728048,3.5430630164773653,3.5639490925747364,0.6209256632736999
3.0043617413999026,0.804639209374203,2.8059113492456107,4.367486896038503,0.6756277223371963,0.5837702986187568
5.710568179319556,4.7079355981992785,1.5501479241821254,5.470841665023534,1.473393246604443,0.3875686334955738
2.985486258142415,3.396976207405481,3.7877295552209045,5.94371997623237,2.31983662440962,0.6708515222706729
2.417866639568885,1.0319952176094616,5.442647720208499,0.8047264676471195,5.082199859399444,0.41096061391610766
5.590483038964045,4.601080001528722,0.4017207021948283,4.304039463365711,4.232860972399834,0.4124463105647381
3.9275703818782377,0.890872076455161,0.9942078449898111,5.882767814411679,1.7338491320972784,0.41244770689481364
5.232988150585778,1.0286507368491689,1.9471306790936398,1.0139834039024263,1.0406450782558456,0.43928390437174253
1.884579455626584,2.932185711863524,0.9983187681645393,4.648221157261469,5.256795494241151,0.5535489894137458
5.11588723632672,5.305976285481209,2.7637817229717676,4.181678642419834,5.934334787030363,0.40230133166997367
4.679901010415238,2.022870521555271,0.2895376745719737,3.580212500599451,0.9910278548770726,0.4878983863749992
2.845208986146917,2.218170937253113,2.3281241124935153,1.871493530320751,3.796886647098729,1.2507521194669875
2.738884255015141,2.847866256872898,0.08334858909072325,4.455269150321115,1.2346740960770968,0.5310007417269138
5.130618983677124,5.320531637041291,4.854287220221817,0.34249074369777105,3.2324780883598416,0.39247720208193126
0.49074115559731685,5.436710448647532,2.7676870388611023,0.3879384520853872,5.13611747301368,0.34875078651411356
5.175043080692769,2.200890040796839,2.9054839544057067,0.9911886907807459,4.142831897959376,0.6361440495594864
1.24687625216951,3.1435260753642416,0.6792706464882781,3.655497290534491,4.798267443473389,0.5833192905754401
4.064181381255485,0.09367572677287957,1.8134257546011348,2.9717437890207536,3.928576040485482,0.593464304275596
4.567432748955482,1.6496144765263234,4.595914798656583,4.074954372940256,4.57335048463971,0.6469021172548157
3.3164037201175383,1.6022811568300912,4.69692736618107,4.127214809447676,0.5214196428204836,0.5764597281810335
3.350210099642481,5.083083369739615,1.3280973892831658,1.156619352374834,3.718598456535144,0.6183688546230199
5.168877932258657,5.64146908469403,1.39214228961341,0.31356067344794275,2.8524709295749138,0.3772827790361435
0.40902363891887344,0.1034633523465442,0.3965186261398956,1.7234598756114472,1.4232393027614767,0.32261262226999043
5.021053384281641,4.990385089208233,4.28346442258347,1.9650564254950413,1.0306527117288558,0.5090870134605077
3.6945632330096685,1.489564271740968,3.059752244654253,3.9320273631933107,3.497356924745775,1.1256896145074582
4.388392063922929,5.463830307604712,5.992602301432202,5.112417894732238,4.63546102745954,0.3437512538932127
1.8454988557430776,0.16145855223912225,3.6447521405551524,2.025362965306354,1.9165223758304615,0.5906766344138128
1.0368036617204481,4.347321347529569,5.998900784084254,0.11648538539262838,1.3402885667155633,0.3253924646994224
2.031759260832937,1.1157379368251579,5.872561716225594,4.698551193866691,5.082730578015403,0.40060271023853766
6.032983095203525,0.8743113383457954,0.8121142419328597,0.7909401166173491,1.2633061946715,0.31846693812859245
4.680747450319146,2.3238177981970067,1.4205303227395156,3.7728170351476544,0.4072379968047725,0.5525924382981908
0.9428087159961631,0.37257058765109335,0.8187868851212556,1.8565204941543831,5.165736015989386,0.3718706643907585
0.7901140799170574,4.8922502469235445,0.9070980192497071,4.254850654485584,2.520917584841956,0.5089417087627195
4.402647078920984,4.81810957171827,2.262961763431743,3.991295630695074,3.556482199889462,0.8258657130137838
0.696847253943353,0.5280258186749001,1.7945076532865896,1.2013560916064934,2.3063731298074015,0.46329286894510807
4.295228601017983,0.711243565550048,2.8969859116728305,1.6325871517541304,2.272072665935811,0.6980154162408908
2.6618574262121104,2.2284939153895786,4.804285844081951,2.330469778515136,4.353675240265909,0.8892274419200263
0.5793469673124063,0.5324046128802207,2.2333717153532118,4.593144306386844,0.4037277408634807,0.3729249692468838
4.504461993489599,3.374756036503304,3.1954176613145346,5.454592858612409,0.9081812667008262,0.5604511664375598
5.8127952984175755,4.497101015353167,3.808753734624652,0.6387300450591145,6.023623266391437,0.3275992017815397
4.947920566048441,1.5798226726993514,2.6110617408482586,0.2650394776789408,0.8854854698448209,0.4364191444555078
0.090462093357446,0.8868930184312807,1.192828260963129,2.9433463378074367,3.881332373647525,0.4550323799298503
2.2948322761433997,4.6531524543686285,1.6662261857157783,5.037668304608229,2.1201007149664277,0.669548312651307
5.959825992577609,1.0510068096840077,2.7394814966818535,1.7185332930823778,3.010250829795273,0.5189608508679572
4.678217705984102,3.5894900055141443,1.3852583018673907,5.22914619391262,1.0706254514554108,0.5137985008808326
1.8595507526329476,5.490816405654633,3.582811605312456,1.8535047473244188,1.6654151750439694,0.6273514607339569
4.826599199674525,2.779275241264985,5.255122534651492,0.17358075344726415,0.5311605847732066,0.36291613324927857
4.311437261978481,4.262772539763174,0.0736259370460723,2.703897385879533,1.2865933351638508,0.5024730090273704
5.344690935344871,5.062493953314303,1.6440737375741916,0.6258389998581488,5.22229754610389,0.36811749461777926
3.8548703578176777,1.1763171401141232,0.31403421908626344,2.3213637544701693,5.832185999645991,0.4039937306252156
0.5424485934019847,4.515981566136481,2.7484709675764423,5.505003838506277,4.741454333925602,0.44035921619825086
4.046253033425497,3.0498811841728584,3.0156400042978104,5.7411565210694695,5.9161159147994065,0.4521807699928914
0.349702119733118,0.8193839875587277,5.883888218734989,3.610159037055592,2.051452845200256,0.37924739933803675
1.653883652977058,4.396939229753535,1.8860140765371216,1.2012304991192873,2.86718242038467,0.754281757951978
0.06339854393015117,0.21998532410088795,3.4368571582954335,1.4342924774715413,4.9857464606876105,0.35794077182109785
4.6130667478208345,3.0197660975919582,4.45694184976929,0.3157676704230065,5.514887148309016,0.43001846861377213
0.47568502426598885,1.2802157250263542,0.2832697555091572,1.9556870828660369,0.4260001504391397,0.33982960712161514
4.9068311857547835,2.32888116161398,5.064087552044678,2.365410711216068,3.7401934486749218,0.6994252754718275
2.2042950958486855,3.3700414543645625,2.3857558529216583,5.061403049298613,3.9798121358033534,0.8805307192822454
5.83966694812389,2.8084877909160593,2.244497667106147,5.44603005615958,0.8789836030897484,0.414028225752913
4.624159289153167,0.910153242293791,3.8804423362989784,0.8090114153395427,0.8460289530035963,0.4500337875967232
2.645959108944419,4.541461835598194,2.5322818407519216,4.568525304532106,2.6576358052478355,0.9710911324007364
2.953508005421809,0.33409568557177466,0.681820932929369,0.25690799771584144,2.9047680066123127,0.39973163022774155
4.278973506997852,1.3289915385767737,1.1460616437836368,0.5116980370746476,2.803928001954157,0.5236912466933736
0.7924184328384425,1.536439037620216,1.504989775355823,3.6441011418428264,2.2884350986962456,0.6591230678478658
0.12502623292459364,3.3860854369449576,4.8542013503235415,2.0914896896845647,3.108001871799698,0.565302176545473
5.713487218015703,4.033050352829901,3.1789813320550864,4.460516639631006,2.3981026317939484,0.6266594911697912
3.0488970755661393,4.356271522460872,4.733307765841839,6.044740362113314,4.832766593313464,0.4449250339569936
3.50102679673416,5.918222258160571,5.560813339469738,4.623567430294361,0.460259414007482,0.3400080610063534
1.4128220180267943,1.5566679292647632,5.695087213759648,0.5119252328583972,4.432214101216775,0.3982859401130508
0.5809171132429563,4.567178535051362,3.8799152092948885,5.4324505942808745,0.13268826543611162,0.35435165665549573
4.793981216887659,3.799184884857909,5.381300006013183,2.0144069763750396,1.9552201326522447,0.6027504690791052
4.219825490072807,5.542049941665325,1.6438955457008841,1.5749028495559758,6.02255878570899,0.385270716406251
6.012544379862988,0.8026703488564573,1.6308814220244325,5.951730479754283,4.070057174081383,0.3264144129995181
1.621976378314316,2.0610150609612043,1.9076326044336995,4.846366841277768,0.2889055003081346,0.5067650025580399
0.6275708540193328,2.979744397708695,3.746947362482123,4.297663877133445,0.6530654088737675,0.5441053358379234
0.1703959894313642,0.2216709871596642,5.43380547430568,2.603968974156568,0.3271883730410505,0.2945513079008825
3.3654852561334225,0.4261631510884704,2.6746958122148463,3.74718645478358,3.5025097722041765,0.7889644648756303
0.49569790979710343,1.8423273156582305,5.439609045357387,4.8630357489691445,0.48319145683410686,0.35250173442816723
3.688967569712066,1.992226083444778,2.3238527096903656,1.7499442555662703,2.9751197337784854,1.1749889784133403
4.675253344520604,5.006261337649394,5.215322276108205,4.397457997782156,5.529666282113301,0.3985443333266964
1.42437679263436,1.5017914321045855,3.644879965433886,3.069242971473228,5.42007172908829,0.6248192188157066
3.2075573689348817,2.405821376013093,1.5617556502729966,0.15969376539358476,3.974984998087333,0.6067000178371996
0.22908947060652846,0.11833809563481919,5.946355769907927,1.1434684705847662,4.687735259154307,0.27810151543866163
1.4662867640035544,4.2621406773503425,3.411048595930682,3.2340521065634684,0.46844843390777563,0.6419404041147629
0.8067219172173603,4.3369047638833536,2.157622005591499,3.042900619021995,0.5151656224385905,0.5410193828000606
1.916553543090553,4.624894779724796,4.293285215611026,2.7070423950138345,0.6981289293545498,0.6300736482335026
0.24073503034036675,2.940616280670035,2.283595342980264,1.8571870691857222,5.49090620702984,0.4844740513892852
2.4013650167409044,1.3413013400239249,4.170890555259475,0.8668355293493493,4.157724166640978,0.6505611287971246
0.22650282255222648,0.49273626411819155,1.1093975405760115,3.261689631215257,5.678730063300539,0.3356029950301141
5.8169014332848175,3.8587248612334335,5.121503318914359,5.235438392512031,4.4203543186842795,0.39701902865170724
5.04008417932662,0.3487080197798453,4.6361459822774025,2.437449653134117,0.3647168244125624,0.3827099804487552
2.6517985784879063,3.7128587575328664,0.32197656716702067,1.1524654125824032,5.0877428070932735,0.486067473132927
3.907346571110467,3.4779097518952513,5.461952070130001,2.7557653686334973,1.4609682125519061,0.6877033789440904
3.8524389237177203,5.105747939411022,5.685953310096857,3.6839610536911307,4.922493588368349,0.4642750556994341
3.300561118913845,4.6776106145896845,5.631695652911319,4.875817055834739,5.539258654678828,0.40327360555721936
1.1677786715397729,1.4036724832423797,4.968497552483892,3.1572912050689226,4.691308263939085,0.5660737300781091
4.170459176233446,2.064419922245416,3.550600086222146,5.222484451644312,1.2705909699419755,0.6460475028120473
4.910426179891574,5.310733622323919,4.851780536925406,3.5841335553252858,2.119127487636514,0.5395065074201927
1.9337124194745232,1.1356294105805667,3.523635720200005,2.891931182088441,3.9974952746911705,0.9179603286604869
3.40984794548159,2.978829752778668,4.073527114982971,2.5258779319438602,0.22924606162681366,0.7030987548541813
5.916501087348062,4.788193602832652,1.6380509515632509,5.841480759749609,5.683780309432031,0.2955501104539853
4.5867446260685645,4.415982155979381,5.688427628947827,4.827378945089269,3.35685102876452,0.4946316744866993
0.7816761716480745,1.4928485049815903,4.300676671630813,5.038789600462,2.0266629990243845,0.5266408102037741
4.222471215357557,3.85326382923396,1.947090684701988,5.404077955156742,0.520992902374676,0.4936764961454288
2.7287320590503015,4.129926653734305,4.945926201112867,4.205794536893134,2.5503629128358893,0.8479561035655773
3.69822948485203,5.990773693628737,4.34091313799688,3.3252581496643208,5.524197041631633,0.44037996610870056
4.3874634225769364,1.1807376893367496,5.970709373003891,5.723830678327912,5.51447217905768,0.30486217190900605
2.0921298779490334,2.8302500570595717,4.981491833969283,4.500538126228686,1.105585764538259,0.6402141673723135
3.375569646621456,4.169645992858986,0.9885690032939467,0.3341261723184858,0.8123139208715888,0.44547730617909437
4.984946142262388,1.4733531914640132,3.328817445329016,1.7156368131723696,5.974240099066928,0.4571538175362725
5.735893191637278,5.767575651349952,3.0902646330698866,2.809015308905868,0.8464867880613132,0.40279006958030933
3.911970840224075,4.505755675308016,1.9139296359273947,3.4217614197444215,3.85378759307958,0.981799812137454
0.11050018933372603,1.4234442086769565,0.6487102250418793,5.603493190750945,2.5215641623143177,0.3524803158818141
0.938926548080169,5.545418756939422,2.3952767894676206,1.8565985774282479,5.474495781971514,0.42510921574180466
2.8416897049128105,3.992179614128777,0.4756870775260235,1.5908286961899771,1.7046748431270016,0.6232366573490665
3.973400943616557,4.276553745539373,5.440346629357032,1.1900222822530897,0.44829457351490415,0.4288236297459415
0.8562546166400797,1.3126796426327836,0.5525615817396137,5.314000794809182,1.7998127577851821,0.39638971163327996
4.041996541315755,0.2058811722191331,1.1906376200449236,2.945664455995866,0.4463057000784196,0.422102004413457
1.2099043581573352,2.6548933686588843,4.331872676138341,1.8981225639635286,4.131675708479142,0.7941392767500765
0.646920939859007,0.29341642152712727,3.449494486253599,1.1653397270238643,3.4399840706479194,0.46244516731894686
5.815923259409732,4.602105909579258,1.5403196360703215,1.1262876712479115,4.8195995304153945,0.40902180616345607
5.221721652347453,3.4333102661071164,0.054550242283258624,4.433830712439644,5.255977535518711,0.3854339230007747
0.8980574282998501,0.9658368510301591,0.5163358008950545,1.4477558353592974,1.5013205664729348,0.4101710587257569
4.317978708031258,2.8127123883529066,1.4654795324616092,6.013921137234319,1.5449016527232429,0.4919340183479935
4.2710343194447296,3.7783839579070735,3.3673689733565855,6.045923448067235,3.2157879673380982,0.5994993980494118
1.1814937479498024,3.5579171457146592,2.5348889120185545,2.0444303231607606,5.890502522262827,0.552404300991466
0.36489518855697195,5.963699028628492,5.262015328090742,1.2807664703920256,4.156727327103586,0.3318093916087034
5.653639026712828,0.6603207858218405,1.1602610316667434,5.100040744608852,4.568798805833564,0.36007698038462366
5.071767385769297,2.6717300290121524,1.2718541300829933,3.178983557936517,0.5823620175836539,0.547540836810698
1.4311020080146963,2.6422695670039857,4.887558055981143,3.402418173691623,2.1134964853209564,0.8264383407154566
3.1493347350201937,4.744831403974672,5.6781221285153345,5.593170043819463,0.39319661124480704,0.34771686865979157
2.542241537443733,5.606905741105349,2.046941298220841,3.8108635146348586,0.5698152958537344,0.5134229665490355
5.874751917282376,3.145633798088564,2.606991041339601,3.819098553460597,2.5163421111521096,0.6971210394954306
3.930979201124888,0.536679415742402,0.5146165641871654,2.341224073055045,0.33949715504328054,0.390258180075097
0.5721723938009844,0.8842158129115849,0.3765637458395709,0.6053853949826506,5.626673186550245,0.28664055626178603
0.5956237739878243,4.303534405876994,4.073816751589063,0.4461059256354573,3.252672490642829,0.4945713932332366
1.4146665865461399,5.257265968533944,0.16209711062462867,1.6620649453319754,3.2078479440285106,0.4445334405848157
1.2189086654630543,5.522894470131578,0.800480921368967,5.053159780621924,3.7311060061089276,0.41450522736966355
0.8498683383094279,0.3643736439067888,2.859116168522417,2.590272895260881,4.441063620727207,0.530955181821661
5.601342940123524,5.38352113627944,0.9622446398934572,4.092254756840859,2.844123149784515,0.4382519818614424
5.89083419919574,1.2135905339284725,5.991332905287392,5.92877011316508,0.6679944873999248,0.25308640269853644
1.3033658337576906,4.9679512154439625,5.4671180774038275,4.161979948222654,4.7427365293735955,0.44993567743741736
3.255629525634017,1.018789202537691,2.810507531897727,3.682151517644389,1.8907168308091642,0.9326365989040047
0.32545565022968076,5.2359573723340445,4.421963117264192,3.720253004619955,2.453303267439103,0.5001922322605846
0.26107044081072645,5.171724343608059,0.8841115599915861,2.7848334567788475,4.687653259783028,0.4066763931379494
3.9997961500213375,1.2294137058987546,4.031926274257377,0.2260221583192154,0.41598029845077694,0.4069747182975356
3.062383584385343,2.1584929383214595,4.675642594928487,5.716684375112638,4.100874005902295,0.584381759681299
4.344823127337457,0.4858685880463291,3.981531685411497,0.21082597838819755,2.22474995032515,0.44497218516978176
1.0410028642135905,5.879625427668655,2.214256561066601,4.33683389604563,0.3855062445208168,0.3792187000089287
2.3811548596835266,5.216449252017285,1.993103771088035,0.2971904681267061,1.4718945090323134,0.4773328389744673
5.2717993935221985,1.2591613913824078,4.965678237434408,3.5785113069733763,4.405769965679218,0.5163596416058369
3.56658031653201,0.9203432722018592,5.1182405134445546,0.978946192666349,2.8133257557094673,0.5478721358785202
5.784208604919015,1.6335245635096691,1.679454352527837,4.330007215704411,3.3726695273739375,0.5473239477606372
3.542286687681437,5.811991582302772,1.6655020474103313,5.146840399489524,1.8902888075247426,0.48024652565679815
4.418792244332846,3.9268933389354457,1.9569340801386204,0.5134070949248919,2.761714005836171,0.6578941439538449
4.646175661900823,4.987414334437244,3.150540792941445,3.7630064954109783,1.2555196697525552,0.6532633100683471
5.661597529424955,3.524893208810147,5.678508523652537,4.00531200940333,1.8856727589189741,0.4590019538151702
5.4960387576114496,1.8177515467286347,3.9545237926853414,6.000105977555392,1.5810814571818437,0.40728216829741026
3.0593498691030305,0.3470137984348273,2.1400830876181676,1.1548402946045366,1.8317812676368643,0.5697789917696141
2.2946314593781096,4.0386322307342875,1.2642569577468106,2.549812499309173,0.4562638039419577,0.6149165893714321
1.3815080568190918,5.780807778436904,1.4073871364557993,1.6378626585241043,4.713720749795593,0.44089609796702506
2.438226002804798,6.048721751537564,4.10635075625682,1.2399940249095625,1.164381368815189,0.44840187739980525
4.150831825203383,0.7406152008879829,0.9414872601364697,5.665098927750418,4.013558266802043,0.42022525819940987
1.687537346732983,5.380638337299241,5.843592119449347,4.031130634158872,3.715237466233744,0.4534981157190182
0.1326521708806651,1.9224860224600715,2.42723902016628,5.956901049640868,5.10087539710374,0.35883815807702635
2.7615088669948227,4.922113617295215,2.3096998008066834,4.929000663406734,1.267102141734407,0.6268848983168388
4.100431985331501,0.2533567549431847,4.953312516540317,5.761228215848008,1.3435963805769942,0.35792923191370085
2.33389220112396,1.8221825372656681,3.508427555448172,4.958487774291862,1.4022907117202077,0.7419607723241665
1.497431182996784,2.627300375597355,4.998572141813308,4.44388319889097,1.3727452262244197,0.6202063685115665
0.5220993615930893,3.900232656732139,1.304271941034584,0.14049620539461743,1.9431589283923765,0.41460093371794865
0.39728134981709967,3.5563073783270567,0.9373804635764047,0.17930527622378228,4.553325207904511,0.37443143219607167
3.07665081041285,2.148854438106635,3.2598238115984026,5.906408182509771,0.8151129262824388,0.5257962868134779
1.1016401029797085,5.03815669261738,4.5463518537480345,2.8663935909616187,1.6465981714159845,0.5882835942764585
1.4244787225103277,4.31066900130001,3.4181403953338148,0.19301265452448318,3.8976625805500342,0.553711757444183
3.57918588041219,0.725452121776547,1.2298443455873949,3.887970081103745,0.9710002162608224,0.5391473150251022
2.3663095432755945,3.007770096628255,4.110073001493636,0.060589931931101584,3.832890122216794,0.6262633476671635
2.093665502958573,0.833892797968657,5.386777887603762,4.909014135778487,5.6789308823560996,0.36994319615314525
1.9880021399856345,2.474565766903172,0.611481369430509,0.12772706359811464,2.2499058697288135,0.48035734568390565
3.398103512919853,2.349963745968032,2.590966236194749,2.030867989447716,4.783008016806788,1.013512493115766
0.11807582282480263,0.07037398381525457,0.5407573569011805,1.1753774929576022,1.8944390207724033,0.3078099165829631
5.620817237653122,1.2017049600746095,2.3487071264395425,0.18435596004063454,0.391500171811542,0.330481791417513
5.7740779336514665,3.8242072455159364,5.0820351433183655,2.6075013231139987,0.7125151189384895,0.4329690595087266
2.6481042493957005,4.205182744222236,4.7301106570967955,1.4399018011233213,3.5164233562030676,0.8149840738743616
3.609193170432712,5.9158074988595795,0.500774005053443,4.109696197200664,5.484174035703933,0.3633492971739696
0.9768579122920504,4.889847377194888,0.29481461398241454,4.386090599591223,0.6445686481757398,0.3642727283253147
0.6032488099777766,3.4126174991926117,5.860689728904284,4.176644779892549,0.2798027032797327,0.35865199475219073
0.9684575779073574,2.9902038357856853,0.4448408257192091,5.3398880062969125,5.059806946302203,0.3941045192184234
5.982903447444693,2.118761050711302,4.226382961184982,4.708350911340491,0.06605578950730147,0.3609482612264663
5.915570258342205,2.6936617663568376,0.5605600784748841,4.3254410560038075,4.536582644938565,0.42259817732848637
5.048178656946128,0.13736014629352006,5.102029261395234,3.6519966489925166,4.717472433960249,0.39709200076619
1.334579183039657,5.589730088722477,1.7854094982814241,1.4367303176118642,1.3829251682248906,0.47586639693672084
2.124856778385671,2.6205193184728444,5.602162396608944,2.0417472932318153,0.4567776532228737,0.49832168894182133
0.7981318154190222,2.5264972546679463,0.4400323681074773,1.5019479209341722,4.867429727929892,0.44728087214328355
5.301609253491448,1.1670425362680548,2.6703689828643853,1.865287555976447,1.1736398378342736,0.5438045850078259
4.868361230613852,3.58010409816802,4.580019792494588,4.354551643944238,3.918362914114984,0.714185850923889
2.7402112443982096,5.696342384120034,4.065015750995561,0.8335790776406746,0.1089946539352153,0.3770269554892306
3.105506035910864,4.517437982767532,3.1210080558747646,4.453315227488568,5.121816111690953,0.7172252482859065
5.898929405741314,4.3061567742604465,1.6454987069176077,2.603942292159328,3.800110768682596,0.5636486126779582
3.603553604341409,3.763105461079518,1.0691063662846658,5.0371153658015935,4.710624107596102,0.5969781809619609
0.23499392443447492,0.7730238339423907,3.516647217396825,5.302817213165008,3.4385365932597223,0.4279560171158129
1.966754618586529,0.26689321260724025,5.721610391440502,1.431088242462736,0.9592608988415694,0.3627034634982512
3.0712440992518277,0.054885701919352006,3.944717725704736,1.4767841170099862,4.644438568301021,0.5103178522381332
1.4923627785436366,4.773626979322009,0.3284924099045305,5.806555616393186,5.686554878902188,0.3062786479413233
2.400144263462746,5.337746432315745,1.911272012906261,4.5043275091722625,4.179868857887201,0.6383533265146438
3.6739362063637335,4.952240176316913,5.1865871929143506,5.704024953789749,0.4405517581056357,0.35830579590494915
0.07586577888503272,2.8656094063253903,1.724377663524966,5.718033426279282,1.6248520650930913,0.4085873344427984
2.6775195803413867,4.330743108479188,0.3339033290443169,2.1738464617818467,0.7469843011111637,0.506545794751916
2.8679816292665734,1.190980251597457,1.4645580005135654,1.8180337057902654,3.8308142491213406,0.7852461624244359
4.606023627933065,4.415232162488369,1.5521547610169508,3.263176847710115,4.877726807761595,0.6547257856008971
4.72112332569556,0.9776040620213551,3.3436957440771753,5.689652756791298,1.9548013642976296,0.4878727105165026
5.023889081495624,0.9834243714438922,1.5413273111964807,1.8959951233613317,0.25358784731316736,0.4157652050166631
2.291600023898903,4.629015457405455,2.460106819014218,5.124697816297136,3.3344819431826105,0.7649221677546274
3.4249601925600377,2.7859378190091384,1.4537216640698667,0.38605498108535413,2.625612018446893,0.6853884920957812
3.9603820984950597,4.3187631873384635,3.0328402319430774,2.751024525514006,5.897977636859782,0.6202392077835382
1.8012450995419846,0.255901460671559,0.680877117405077,1.0976385434964457,2.322794419196124,0.42693065673397684
5.479762766277078,0.1807009725287751,1.7085052923795838,3.223547785438636,2.3942298607869206,0.47208647030874595
3.9901941430836647,4.038804311826589,2.713871010887561,2.164525309119497,0.8896188488293761,0.813458164237382
0.4078238883367346,4.81733302576285,2.7168211900364847,3.9169746387449234,4.083549940093103,0.5842080552156138
5.5461036984704295,5.8551862915296935,2.9553188587454065,0.5626248786984303,1.2693607236687183,0.34998517295399656
5.471355549022861,1.6804743161859208,0.7998116335026046,2.9430147740938954,3.0801203272873625,0.5649959565153573
1.5794847881888887,3.4443035290995194,0.20907997009453555,2.3041341462280718,5.153110162705357,0.49690388221041626
0.24019685724802836,0.5018612236221889,5.088958370014263,4.629374163952555,2.357523633402682,0.38039311102793644
0.0644079639313155,2.3676650665114765,3.2029866479177658,4.78506303564456,1.5389470999812471,0.515999139829204
2.5123147095888494,2.1184509179571567,0.8805956859318478,3.6275190531702464,5.209139566570278,0.6336766909757805
1.0904120868270966,1.1374847062342697,1.7753765653515854,4.744511786351682,2.474242974494821,0.5904953770716622
3.6953763901733723,4.669074809958494,5.591563969472856,0.6459543185034575,3.056664224906046,0.48708482985702933
4.163336294887991,1.0641010983572488,3.139243333379383,1.148828197219303,2.2982763754699285,0.71226604895657
3.7678784157349217,1.7125483861674002,1.292446796304063,3.488979294117877,3.3435299531144516,0.9505684951453043
2.358321256367131,2.6504157391420247,5.265205476917689,1.5596103435229665,4.59608566602462,0.6541365316534167
3.167255458193202,0.30491563047906295,2.9502158649834724,2.3943392086167643,4.847333260444638,0.6221459917181571
3.686496949004441,0.6091829778770692,4.6404167631624444,2.471279228297072,5.9184916763368784,0.4410067367505714
5.85297076772316,5.0302657781474895,4.872051928450313,2.9256193499559036,3.884638481870252,0.4639484780473894
1.446159358129595,0.6130051533732122,3.862091881698336,0.7153095132477303,5.59512224438864,0.38744916344387015
5.970391271192443,3.719429810281616,0.8064402029285376,3.4439626389540154,4.386576552837234,0.47009700050053604
0.5728707868666714,4.509935185204056,4.98792508591585,2.1815159974134835,2.8431137353643656,0.5612542823888854
0.4206092029268717,5.2669563122373955,0.5717219191963565,0.8903590429375599,5.571217149109168,0.29629081084356246
5.634127789559981,3.24427487002353,5.482532116788234,1.433320549370706,2.650720153851749,0.48221248237318964
5.515690257573925,4.997201346450608,3.96245500740777,3.0339529995668393,5.575752106661491,0.4370728313230066
0.20648777416810987,2.6988097598245484,1.5270832076157428,2.3170928401491024,1.8819902353778613,0.5959398137763254
0.5003097736534377,2.348271934223575,0.19215578600747113,0.8880569656410287,4.168006888133359,0.3939841255749019
4.340479509575366,4.670951514363485,0.3055452315940527,1.1187603922244855,1.7478709053726889,0.45545760135922625
0.8665942120066275,1.1474243812085292,5.203493816865161,1.9271279656756257,4.833306223619535,0.44740912060469196
5.027706538145152,0.6996339173459343,2.1582510061275455,3.389560199319246,3.8061684260220234,0.6283979058427639
3.147404228628754,2.6309975639642094,1.3141975359215787,2.67908873705617,5.861477250041377,0.61384125439604
2.380945746988264,3.4619009157599723,4.548570639711134,2.390409021295099,2.427352770918466,1.1501950374552736
3.6328540121601667,3.6416703472048777,1.1742062005183875,1.5839450797930301,0.735766543130391,0.614336171593963
0.40975006841153644,1.7910210158841038,1.9073294336398328,2.1609127048401597,2.485779394401626,0.6521691984766826
0.7175931311571326,1.1050717597636217,2.409344485489025,2.2476785887825015,0.16144790586398144,0.43912857669305044
4.158032703799798,0.4119089945679146,0.14376883802109836,5.608796518051703,1.0611116266707108,0.3148374849034718
2.121460741697534,2.4383485867931207,1.2143702802249987,0.09753918911676647,5.957427296872798,0.3781231267370039
3.90343786582684,1.7406886291831483,0.6145447851652681,5.142568589800457,4.700981103439472,0.4859936965519853
0.9398353930511538,3.511977802301387,2.967506348287033,0.6362906810980247,5.07570702445313,0.5153805876362213
5.644409993416573,0.9520278121019221,1.0101992962710238,5.516330127674422,5.891793162760023,0.28701992999542164
1.1191681158404023,5.857916317319428,5.5410673973311155,0.41492036841984586,1.198193920409964,0.3021935052118801
3.604689371851839,1.822852859166665,4.401841186024844,5.147395300019503,3.8956401163960352,0.7077160303012296
1.9859213672341474,0.34912083167648816,1.7724579232999174,3.9597900643340447,3.6291831254744054,0.6297449803768871
5.7182323837400535,3.9263588630762745,5.478006993966281,3.8138121749718397,1.2575064951741695,0.433162569989456
3.50524493656405,0.8712630430562662,4.0210217392836185,4.4113536416775485,5.128812778341106,0.5762678443048016
4.696186364573835,4.217511951728072,2.1422671970895886,1.6352454660342655,2.588186287639044,0.8245903007192943
5.663344183986077,0.40963079395067375,2.2158555310817847,4.111601951308703,4.220049676362179,0.4516206458226692
5.135765047635965,5.4547862646943015,1.2060645761690953,2.5368152046122616,0.16186527087792751,0.3693413969447193
1.1237309505373854,0.42552202718144877,2.1067055225566524,1.1156864984418158,5.24605948179564,0.4074694368293928
3.3028973756494118,0.39075620945185746,3.3478799693815615,1.4243954752117605,0.4382882795067479,0.4747026899368574
3.0255855542385848,5.327592347160861,3.0996350161529866,2.0371160863343887,1.6996301552084698,0.7664964372902705
3.277834976221251,5.141789024487013,3.939857889990435,1.9820020204244575,1.0744484446508773,0.6539429410836332
3.6207513491189234,2.6768824649191156,5.0708461346320535,2.2879708396401743,4.1755701533908285,0.857111638469436
5.832857741973636,5.468543167400481,0.3362886665184139,3.8085693751569334,0.08927697796001129,0.2829635616085523
0.8504584853040589,4.2210913139788255,3.8703346134689425,3.1825220470809006,4.498703590868886,0.7067886150563409
0.4847916041370978,4.392696000330137,3.1013598366503663,2.412179232501184,0.5839798176932027,0.5139053534107864
4.789731568344794,0.609041242152407,1.8293768393302032,1.4318705629888804,1.9597572532413747,0.5310303226215634
0.27880004193661695,0.7616529033340291,0.633589767096304,0.39262543564258373,1.1302252214778818,0.300214796164198
0.24460580152614136,2.722149400528486,5.587003709965846,5.445606910168524,3.881720473839494,0.38284237541615207
2.052181699428421,2.5742619827901274,6.022441932355509,1.757687928301631,2.660653476048227,0.5926535974051202
0.061226023616471184,1.6641243916658286,3.530160840532236,1.4024167466244568,2.284137109000364,0.5328570707358063
2.9196209260924793,2.8960944107469584,2.6323007569306283,1.47355951763103,0.14845419977986202,0.6404593313938373
3.3362402302422307,3.323494197567494,5.100135252933412,2.382997249303796,3.6720942069935436,0.9559610642269933
5.078690222687599,3.0075636591989143,0.649868429980442,2.267051224907312,1.5724689301465462,0.5740795886443794
1.7460680722905988,0.903396648699293,1.3936982473129145,0.6901601598745282,2.6573606192159547,0.5262864823800751
2.460716071471669,4.70409936632349,5.9922549544417425,0.23154862869084009,3.4933031105185792,0.39910532603116683
4.275082759098303,4.666779343220249,5.507679630068653,3.776551252298194,0.6425773115484692,0.45760474762160736
0.5009564039639924,1.1955776615958034,1.2915377805736188,4.560999873898535,1.8152572741368413,0.4703594091330685
2.181478163266525,0.5047101937035539,3.296615075568126,5.53956451512235,5.783530064175471,0.38194387433301724
2.256983559946608,4.2030618278491065,5.858082103707546,5.187272886101824,5.575313381886238,0.37615951834677336
5.418845266721149,5.896183174907494,1.4704880690978206,2.4332917539297876,3.918249189958128,0.43970663545009153
3.5447117495775595,1.9236469315884297,4.125413246633672,3.639175444955621,2.757451556434658,1.2211239610139502
5.52342959154472,0.8331944202759309,0.531462581763587,1.9078380595681457,2.137584485433369,0.415058340967014
1.1305388517532895,1.0989815435927732,5.5755463531134515,2.2955925867237736,2.6217317068509667,0.5159566859767623
5.283385515386335,1.1257826204424897,5.1785763145870165,2.7729923767013687,5.706708992172573,0.3868390996380216
3.8904427776036026,1.4988666415598855,5.276963143382232,5.427668038274068,1.907018772923729,0.4921494552487567
3.3420976349257883,5.707072435175696,5.013906482828386,2.026527494879422,5.394503704863779,0.43136194609438616
0.6798525063315333,5.176803153225693,4.93909174786636,1.458892754763215,2.336909729510067,0.4609073712456031
5.604878549924851,2.0208697928614927,2.7278445714063158,5.430940404034703,0.5684768395493056,0.4058452605951569
1.6262445586785332,4.749501660638731,1.7645902821361295,1.2870689501545642,3.5967089036249904,0.6773052565026778
5.489373646069754,3.842517919082291,0.7258661944507463,1.5012221253263052,4.063408956525714,0.4888618716819692
1.9764225129161257,5.592324588589421,0.13221537408842193,0.6497010316221503,0.6502319351852495,0.31213556705054846
4.357420929515088,5.256161573200874,2.3143462429138637,0.4924646481850851,0.6378341539203498,0.4120221686783697
0.708772602448059,2.7557812559749832,2.8173051739604604,1.9707777754830182,3.749137362637923,0.8358933712145857
0.5878766109163416,3.3876576651576853,2.8447927683697065,0.42780614794954314,3.977979063568697,0.5386383826034349
4.405084363141529,5.815966000523705,5.078735289700176,4.624627142246335,0.17535317217862628,0.33508571948702837
5.629755972193506,2.635228343716805,1.0403921227093345,2.6282423914210433,0.12700537119692207,0.41184397841694326
2.5573368197696302,4.035002668882753,5.242288595966738,2.448492977563115,5.44286295784768,0.5692563286401134
0.4726539602001529,2.9006408485721193,0.8595985966264588,2.2274232947018495,0.42253829363695367,0.4306845139661805
0.47088346248726304,2.6327564120057882,2.574683792171118,5.696325395574192,2.346268964317046,0.5152055951474853
3.9825297080681965,3.822077268504774,0.4091887737862398,0.8158304803613392,5.9634678009194,0.3716613240020409
1.2984002117625233,3.3087517265333775,3.3563215577254493,1.5951194833028721,2.3811202389354897,0.9547053466368655
2.3574365613689805,5.009588380502806,0.31410435707795864,3.4408649115445455,2.7710348495688324,0.5912906827500605
4.085221966303443,3.8160733112803227,5.923348872928406,0.886187140843786,1.08074750145326,0.42478382619760574
4.955587696263033,2.9018762166840153,0.720967642433342,4.285546717187966,0.14188866456316135,0.4192982740189177
1.433896594788542,3.621140322888513,1.7597709774234969,5.0443724515259625,4.415341758260311,0.6427018478936479
4.8555016154934,2.27285168132468,2.107368781662732,2.494132502384551,0.757760255772373,0.6643651988702849
4.462354782024946,0.5739882706129646,1.6228035359330943,5.475451890840648,0.1735728929460622,0.3443853861601956
4.449545098773754,5.242864317878146,5.563257477322808,0.178160441535625,1.7906846068727713,0.3555285992114373
3.9404305337618,3.252947977772212,5.598355978346658,1.0720922762781067,4.555751577039321,0.5308690471681673
0.423377144977425,4.2481648084029535,2.538764326392724,5.1603720653103675,1.7254250290495896,0.5075784536591212
4.7723616909776565,1.9310261353638098,0.6421131403038844,5.106261091734937,2.509645588477902,0.5122849841398599
0.698311016863993,3.9560192585868714,2.652362548232347,1.97116272987413,0.4011181922090518,0.5223216896676863
4.4205389347352755,3.299546312017344,2.849819917717654,3.902375517506133,4.967179852671633,0.8464325067840762
1.163399728838979,0.749428659208472,1.0516806175102917,0.4595619053686481,0.5047126899816488,0.33428711235897773
4.58414908410258,4.744180136996696,2.549611701723687,3.0713464354644637,5.738894817535997,0.5476098154548912
5.422144440635772,1.232961210734067,5.711159810725421,0.827928408188709,1.5983401396021815,0.3568606484593204
1.2270229695129247,0.9512494614863767,1.016869877575875,4.154139602706282,5.881018145816326,0.3860119285425326
2.62788814588961,4.799728906295154,1.5307663397296518,3.0903179072621283,3.6005950249861955,0.9170096521565617
4.072389799407489,0.5635747747331754,0.15349407086321504,1.1477129553401564,2.537045694497632,0.4195673147104869
2.737622148147337,4.690162379129325,4.652209311581287,4.630796553797757,5.416432267688937,0.5220860974568843
1.5495305496413507,4.461740832692088,4.86037761984812,2.230707363717425,5.412375473242675,0.5232063093630759
0.6371704171844748,1.958609563741138,3.2866041749506314,3.9776546484946733,0.1631628531714237,0.4818568084445774
0.7008002433500551,3.2506436839740465,4.331753149196381,0.39764646981598756,5.246101397276223,0.41771227689187157
4.191084107662584,5.787446088423315,2.5325334350596336,4.083093109918203,3.2900858591180606,0.6383942076369108
0.6745730574720685,0.9103714438439627,0.4913843459977982,0.6520239095853992,1.6553027147761576,0.3522551536249856
1.2089555731063437,4.919022463978416,1.6733659378554255,3.818276450950328,2.6291475955231105,0.6916799750361046
1.915772795467104,0.05625521779195482,4.981777750037391,4.599668323469648,0.977268058932844,0.393406378874208
6.001132037814102,4.073922314114948,2.2039354797217956,2.1188135547455538,1.0479150179958816,0.49065434251945356
1.0789983062211062,1.0593778486072027,0.4475097895972097,0.3978257688717201,5.6017682350131315,0.3075789596967756
2.9918799136972796,4.167895086784682,2.7197898523853645,2.4049694702382745,5.508453107569381,0.7640025866584869
0.7399495952922184,1.2911707289747056,2.390919332728559,1.1764003032690105,4.393835919173336,0.5356990089540071
2.4786945515632466,3.2825678298308585,0.754842209331098,0.3539339485335928,5.779614259362459,0.3980850764904598
2.827121889664117,5.163374790607061,1.3332562545841482,1.9971107461135118,3.5505782928342935,0.7247933882787144
4.153126938132693,5.147019346500512,3.591092024349406,3.7132266351907868,2.970277991412657,0.8475754816357363
5.837669906595277,1.1215338474525733,2.973597479771605,2.4251798108542495,4.6555262604069245,0.5088310652071919
4.410952887782435,1.2498256775847416,3.4576938793164316,3.1350907000503856,2.1917262066906877,0.9144999334609687
0.44878951307076503,1.5419887044144107,0.52022699974751,0.6489562941208555,5.350697066499531,0.32428650489423677
3.857013818031755,0.8189046348068036,0.5844180896647226,4.750652327771665,0.5346078781660561,0.39262450888217415
4.989582626750545,1.0820806263585199,0.8515194055006134,5.89216708594108,3.8073257651770542,0.3806735399551696
3.969523105371739,3.5672181375419934,0.9501304419101635,4.016973145192894,1.903192819859325,0.7873459620754545
5.247049883252715,2.3476895728655496,3.1716382371527043,2.3186887895344785,2.782574886855662,0.9077985010439636
1.4925242640700722,1.9170556803925536,2.175214093174741,2.5034307644274465,3.2297220622840683,1.0610218586344073
2.3806451843602394,1.3707332532810679,0.6425778983475039,1.2648510066275744,5.144023971877789,0.47162847445648404
2.3725042319765848,2.4305509720352196,1.672236478012713,0.08293089132210536,0.5252371093881913,0.45218744798938204
3.8774346270158286,4.857233678450174,1.9381632148750672,4.63731002714895,5.677964501098537,0.49507441029497756
0.8797986396694317,1.9231299107972812,0.9080206591996665,1.929270484455613,3.0249839453545,0.6181093764469556
2.1217888236632705,1.1506822957633733,5.075832615739165,0.5851817404839939,1.513157101332372,0.46420167391541284
2.9640509014049066,5.5539337894240814,5.838865788671465,4.206820337914126,2.8627975261829555,0.47487284083487896
5.258417767538934,2.498777207660292,3.428900364423382,2.868012511037835,2.1565855578413293,0.8877526253918568
4.7680778185373205,3.7997688962577247,3.5272533709676006,0.8060512000351863,1.5954952906878122,0.6317211022100965
3.9661131374142067,4.383300493928498,2.247855953605959,5.083591311994942,5.312873985000782,0.552383818512678
2.1494625283870246,1.100921520320749,1.3982211786130248,4.0034190896687045,4.9812697754129,0.5942516287719961
4.278842747783835,2.2725788738658887,5.273615131829641,1.2540225141943948,1.4167627399342286,0.5590032503818482
2.556515635924747,5.467461222477869,1.0282725273782487,4.14180116032676,0.8221720038116713,0.4712669225882495
1.981095589980986,0.9332346024387543,2.72470386372595,0.21187967875577612,1.6380387897294089,0.49964957996122517
5.957562457192745,0.9910919684662369,0.6547536835504544,4.691359550516819,4.550615910212206,0.3502850970823168
6.030348741326234,3.4743968964624634,2.3206380047802884,2.0101109834978783,2.2870660299356937,0.611330880666934
3.579514296180858,5.421296993566186,5.738353806704612,3.751099985822548,0.43061075755666617,0.3866526008202833
5.485872460495687,0.28376715260260815,5.665655633354004,5.397133875946387,2.0201281835784046,0.308931815112881
4.054948173194442,3.198043392809798,4.743609107227914,1.1687170108879237,5.007927117139921,0.603220779858938
0.6796863931164794,0.3503722208549213,5.676284696838844,1.8248363547208981,0.436089694220056,0.30748862694094414
0.6692649930116357,4.394002430837587,3.2237784599181705,3.0371510546441147,1.932990811892455,0.7371622788777332
0.5386345042022955,2.071647991056202,4.523088982145462,3.942740428468366,3.6009180803690963,0.6455853083069513
4.968659428255094,2.580667289804902,3.5623760103042823,1.2463446088982135,5.456329383804686,0.5412254711530391
3.123828735824758,0.6623629998204563,0.3612115989945219,4.6889470740317885,5.529529919404379,0.37461393658200504
1.1100631842267992,5.808078228638299,2.340605808517846,3.364787123904507,1.747335700184261,0.5378020322625541
1.318265885185533,4.652686187802183,0.7635933769575449,0.48871620885050676,4.2535513917093954,0.4266383929746102
5.270026359882625,1.0118965040658885,3.689981898169171,0.9723492498966653,2.329915202242134,0.5224105941615115
2.0594975753521556,3.3636280862730086,4.294308047127314,1.0802196778596482,5.972044789268972,0.4947896122620786
2.77386207224211,0.9557835825398355,2.809929188521065,4.210838015874772,0.9826812694973324,0.6755939836598296
0.6447139272427242,2.5129974895372267,3.271515829453135,1.3816132924432594,5.386592580239001,0.5215595927168214
6.011640807825632,0.062312836779996286,2.3425187326911017,2.416161038325326,1.2996216629683122,0.37929903792686265
3.792611709045433,1.6093910761465333,3.697700810517719,0.5199585452256057,3.559734971779735,0.6890506242282132
4.289382936241846,0.49490299726729264,4.09628017361366,4.134004657088908,1.6406266333194626,0.5789143615015119
2.2421610752645815,1.6978153828048437,3.1419992480055723,3.456364021577804,1.7440989335478674,1.1018404692227068
2.7896652693114232,0.3949590840238754,4.019354701639253,5.577244632344283,4.594692128595379,0.45341612357561156
2.8527010277488305,5.269364255260361,1.6751444252378767,2.0675795883051693,0.4868994693422228,0.523230505566624
5.908031830460932,1.7949732752212884,5.150058423760583,1.3288225810005818,5.143575695176196,0.371481506134473
1.660710777795783,1.0859824236939766,3.9266077739850975,0.42185887435228836,4.079105017517965,0.5228200448058702
4.670839143546844,0.2656007918823486,3.7787026430962776,3.8557401255953887,2.533954800680446,0.5943709656782477
2.438924905930013,0.4424981729934467,5.945938284762188,4.723114489067052,2.6239660314371704,0.4229277897251688
0.8719339744535726,2.1217385645263898,1.5804858947986071,0.6706435982720742,5.281204226518964,0.4358281714248252
0.6941988529979304,3.0908598591828444,0.7585718577329885,5.570399701366499,5.613032507556841,0.3474168230413098
5.156391642950858,1.086854549868678,2.2727462373780924,5.925095851917114,2.4596302725939942,0.440776524523408
4.01731324069043,5.727326575431284,3.1598681701698075,1.121760390756213,3.542605916677704,0.5773338881401363
4.6187201667736035,0.16203228660762642,4.199832910016198,1.8263775425624786,4.955073335462047,0.4481568532775385
2.0713346052634716,4.764200488795604,5.674886504891235,0.7059776675037222,2.3752609975861274,0.45908037828788684
4.1314784444145,3.3423019936892393,5.373184174854044,5.562167717800065,5.353659497297813,0.4143560499290867
2.2675709352078077,4.405154653285475,0.3154566263814586,5.295696852390073,0.8837387546481701,0.4087226187908438
5.919194342341865,2.4429379488839893,1.4899177955037552,0.678489173390342,4.208306186817407,0.4355063376595361
2.882548756591876,1.6853674595509505,2.7327931612853136,4.1517049552386345,3.61359914366213,1.1742076526685585
0.15138028066400072,4.473584037299236,4.97198383294137,4.914348835942605,6.034574643228934,0.3120302074293147
0.6898068224425677,1.3273420071019248,0.245106954346697,3.2500534248429234,3.0693935421036187,0.48096450349557
2.8405194145662462,2.914233103023308,0.12875806432100328,2.9895145997069994,0.9112594793352782,0.566900906317261
0.8402908368009634,2.8590206707540053,4.153966436545993,2.9395988861167233,5.9415046158817795,0.5083378830762497
1.8361948964485157,4.175505537319971,2.3675935250813893,3.929961989834248,4.4189123908961205,0.907907722721845
4.029740320635439,5.659495036693445,3.8149393226820427,4.997003280668825,2.9061347468354484,0.5619796742629886
5.611262800929091,0.6939391128039847,1.9523764383441966,2.7682558405415096,0.4965112659670747,0.4072442802771171
3.4600738716914794,4.925023808989824,1.065804415868495,4.764653610716955,1.1815999360768838,0.5241343327654241
0.5791224327805429,1.9070716037067665,2.1250052869661986,3.1662764849645972,5.28190979376695,0.5538473488216594
3.1392852662491912,2.188439984084105,3.037378652684507,0.6922913169771245,3.831000914127043,0.8550290474804617
0.22396347182289839,1.3375086137578058,4.746115385909483,0.8000024301268118,1.4684695098062746,0.38903315072166467
1.0110995581900528,5.152339440346421,0.08660424112660388,4.621453430827674,4.457147966505874,0.37273716430390763
1.405215928222928,4.171711168046595,0.8231236021320083,3.174414171305777,4.810145719502429,0.5895502694342301
1.6035146581781128,0.9274212458228017,3.390358031641647,1.4893080778307197,1.719710294660179,0.6527643011023881
4.231558520296359,4.815890697312767,0.6412961480680648,5.761242721071411,1.646277230371568,0.4026623069160918
3.408751686799844,5.515658594097808,3.9448079632129995,0.07086398288346447,3.0872248415006176,0.47674158559012675
0.5012265611892663,2.397180266721424,0.82830859661601,1.2570048115043193,2.14808191025974,0.49782697183622016
2.5007355155230337,1.650931596327759,5.879015270855273,3.342256751083965,0.2672589704699026,0.43586292848356867
5.182232610767549,5.220218811125092,3.1064654390104645,3.2389999480824194,0.16085637123434687,0.4381985925604266
5.512935709783834,1.511395837036856,0.3242972704515585,4.0718660183611695,0.4229455924660234,0.35112014948426906
4.143658856003471,2.6696103493399415,0.28338647933895017,4.688484293176146,2.8743913838382715,0.6001011055056896
4.7021647173319465,2.60454016902998,5.609814521308626,3.2514284058279355,3.9597288882551,0.630947435904727
2.7970700811990428,0.8048985164568652,1.6148448508446438,4.0402701146445885,4.689671511916463,0.6363161837041293
0.3958075523905355,1.3606445192675767,1.30829851014829,0.5920700110666537,4.395359449772832,0.3987827006074314
2.3815465529413453,4.223939025633584,6.009132818875147,3.8859281397947227,2.608473900176035,0.5926434077874229
5.296271444742371,4.778127552904813,3.1450923977869216,2.699744213534466,1.4189939848123805,0.6232321434568632
4.634750920394016,1.139180515092773,0.45395737341365544,3.3060797923738487,0.4058431356077205,0.40915312428421063
5.146524725239819,2.8880574982380605,4.051547305330778,1.5052783658470186,0.653998218348236,0.541601248193132
2.984222322473415,0.516886698165596,2.7355979173292697,0.44600284909191207,5.871807177392123,0.38452388305863394
3.4528123320647435,1.1344182369929163,2.0509485768549807,3.183223884517826,5.981879785034621,0.5402102539307784
0.1576908837070003,0.22395854859930825,5.24439683565645,1.510549112300973,1.609139765285813,0.3336068848879641
4.464348406661429,5.717786394730512,2.2448981192625697,4.946298321662616,0.4738336146269912,0.39571908314326254
3.6954468384977144,3.864857789892124,3.0339303677455525,0.3205421165265138,4.924475482709094,0.5842528546622254
5.529151679888087,3.2301674442276913,0.3698802005301631,3.5574608162682053,5.302716816040998,0.41700752291021065
4.200994117149708,2.7062886725276583,3.336625233685493,1.4869825100942846,4.57667180119552,0.8758802642311537
3.4586742116715015,0.08813255116742998,3.761138031434678,3.489182439401828,3.289723516308565,0.6853105704395414
1.724745288813688,3.1855125631387153,1.2114253501585264,0.2630173333396188,0.41435708125632814,0.4160371991186919
5.065234188924518,5.111177734763234,1.820820058256949,0.29742158254324264,4.209102650703004,0.41878522538612295
2.9893119112850215,2.7509591073092095,2.3774516463476623,5.549866532452422,4.513437483386636,0.7021478645259942
1.2931270562930137,2.332746989019385,0.45716100675299115,4.728959170575243,5.923390814385465,0.3793599990840995
0.6206830055186596,5.3286653373205235,4.378895581235463,2.783424920571157,3.172222180627268,0.5536562107969192
2.277309973813779,5.578394057912023,0.8983210207435177,4.403936528059234,4.77247903938763,0.46082586076975596
2.106232747571731,0.8650687328430986,5.436965729623623,5.70859036912436,4.38246867482072,0.3914930929775395
4.808849249320741,3.7469169544895555,4.5170205908009216,3.661340516972233,1.693272629387094,0.753234404515636
1.5294289337611133,6.013108046027309,2.852355891158914,4.53182290204608,2.9074985329234995,0.5371078100452744
4.395160678478594,5.042006182109629,3.309610372402208,4.966670019754335,2.677901500601692,0.658602753903722
2.3674445293279094,4.540274938098373,5.706594444130415,3.0047835079776077,5.0675151210360285,0.5161858206623863
4.457446178861478,3.4021320130421415,4.651086160442528,0.415356087111796,1.9963496461281547,0.5649831398556805
4.7248762659347365,6.031421579806111,1.3876756077391055,4.988187256897789,1.2861053593990783,0.3751693662605695
4.816356908121472,2.7619503242925534,4.283904137351649,5.230583094420056,4.514879749147901,0.5788848901455951
5.169832505157891,2.5201240937947587,0.7384560215777203,3.4421620211310935,0.24468379259886203,0.4378224325385839
1.3955939896338496,0.3111912458891643,3.1935088727637044,3.8689554213819073,2.242373071031677,0.6184162274418404
0.6793135872816418,2.913414841590215,1.863463727972342,5.625693163933632,4.108906165506085,0.5048278048921642
3.4315925864715973,5.934267944615995,5.678608857320325,4.093433534778567,1.3526482435895817,0.4019210112743827
5.784981720760042,2.2308907185832556,3.6888018299657124,5.452443669818277,2.191794341855865,0.48804826957347197
0.723083848712998,2.756336278605051,4.331793056284277,2.9079512523370346,3.850247990774269,0.7843883788608659
5.986476746523234,3.3431115202859694,3.12560390131533,0.7613622260041757,5.546692782521976,0.3913942054325241
3.2314292341480346,5.9076632836767855,0.5988318736031824,4.07090318286592,0.09040206125808377,0.34618526003518574
4.894518987517026,2.715242157705096,2.6286124683733307,5.485606861752964,5.777409696302975,0.4405196296399083
1.3293790989465937,5.965948209342835,5.709370241166584,4.333584355302838,5.250555149688728,0.32497121947732405
5.28077411562614,4.063831792073683,5.467748777578914,3.4363839538559855,3.5966345922183995,0.5564874720636755
3.0723083538479434,5.006575806668091,0.1467903701107,4.256111985023669,4.399645472727179,0.4828770604954341
4.906512569851634,1.5689262157115589,0.8525388789866057,1.3815273438463085,3.3912824450787484,0.5534981625449535
4.224101566774836,2.0048108129396827,3.2556319468258277,2.5587929872295625,4.160830708486941,1.0993401804497587
0.9354830806500607,4.6978933209728915,5.837551597159693,4.755750773339259,2.1025079670305415,0.41519749666417893
2.6121741926519815,0.8132857893843757,4.121826780577707,2.513083668839345,2.894569909024077,0.8742155699417634
0.5657137625529545,1.344672424586235,1.16430961902461,3.987814632130415,0.43411851138202423,0.40658433067740873
1.2486854255044908,0.9465485667345719,0.8861600296825567,3.8418799774605876,1.7606255393930899,0.5264017897347993
3.1836637846011366,5.640460227107275,3.016963294941547,3.9242022713260383,0.3706815325988743,0.5057269584975047
3.945382728515905,5.871041525231036,0.8449932381403769,1.1208372026118798,3.5453739280768986,0.4422945464423818
4.230640529966233,3.065962949106787,2.8634401950353396,1.5249851206589369,4.698741571813296,0.862153127488445
1.0613581953556583,6.0284689091261,3.091468222758655,2.2177085394371927,1.223330669376765,0.46068393701108035
4.5203579210037566,1.7853060936839156,2.6403779833725123,2.509824315562337,5.474652983047806,0.654429828966197
1.546249191306564,0.40568060622839347,1.7483926775658918,0.10051617737981684,5.645158510271895,0.32452491156869306
0.6825270263563259,5.613197388942814,4.330670811144679,5.568754774536224,3.9529329426592996,0.3776898789483541
1.3250737189338275,5.626872667454509,1.933097104747562,4.788729556769521,4.912889970757315,0.4404738892119049
3.693523765090407,0.32495613211168045,1.541318699141291,0.8545812662879091,5.2893316285407765,0.40636453178770265
5.500863708316472,4.802018071012471,4.0014446528841825,3.6773741596887293,3.1636433036156513,0.6253871657946103
0.06174866953270404,5.038508843142705,2.099041359810838,5.784218069426525,5.582680982930184,0.30282220935609694
0.6233248872892223,0.37963397965129636,1.2374900672817533,2.2726555513059594,3.918462785463248,0.4546705350248026
3.0459526915814443,0.31922696555772706,4.953992254864353,3.6108645598054174,5.653829724519553,0.4269360956982764
3.5345125076652733,5.0732020632505765,2.3328513182769726,1.2254066418717497,0.7608033056374128,0.5496879058299743
0.28160869219121726,0.5238302720518344,1.947078948670532,0.7846227612151797,4.195746264425572,0.3850980012304692
4.930677485961932,0.7737209152495972,0.05392874208235705,3.667157389690375,4.614537404345319,0.3934684243544272
5.015610670865988,0.07400633388122287,0.509010239554244,0.588030157984146,1.1571357354343184,0.3026368520696736
4.289507535861646,1.9423850897797597,1.1445970921961524,0.820000021478207,2.0200986884260534,0.5904405750632017
1.728103488929573,0.9189591582953314,5.967508390765455,0.6697132616645676,2.1102309581372367,0.38496358418173743
3.022930661594857,0.9544762890021792,5.864976554313092,4.046674826028317,1.7143411113470026,0.4964939904660984
1.7517212777616804,4.81917517350315,1.6131334463926605,5.383399988281894,5.948020527598874,0.3822276751730787
4.052998835075189,2.675337727817074,5.804251102609642,0.44113133599873805,0.5393886474377745,0.37480622351312537
3.2625776667840034,1.6321780485230555,4.463638038751719,0.9654957602810132,3.21913615148339,0.7536165085111519
3.4947049485633457,2.6893757768365125,0.7838955712389033,5.131867470778027,2.8998534926962014,0.675345875572843
2.5779457888693136,1.2449957470292834,4.752658610764418,2.6339740269092005,4.802429524214603,0.6796844779783083
4.165780436997243,3.415277128822763,4.544212821345983,4.4055127953796935,2.508220552363883,0.8981977624584897
5.141596753333386,2.198880841605776,5.542475483671828,4.268369379340356,3.5592245224026353,0.5372328387873009
3.7550409180330577,2.9785057992724813,3.0116460756403702,6.012491362832954,4.1073068434338715,0.6300436142605939
4.4117419104576205,3.8064906748407137,0.06783537726491957,4.4449888855111945,2.049503855769274,0.5199540800266509
0.9694272745770902,5.129270231433636,1.6252652673318129,3.279080587071092,5.915850914440294,0.41447366189103085
3.7471948781350335,4.351003779690444,0.07905150149255409,0.13439926662119234,2.5680176475231637,0.4112902827371301
5.046266574376952,2.7031244954370273,4.76584060821427,2.557941800474742,1.47419638443621,0.6703748614233894
0.6172733633985796,2.6027266996492715,4.076896617050684,2.4983297843288037,4.341753834489528,0.7119011007934665
1.8056243080980896,4.071523126768473,4.243890219006363,0.4582605333746092,5.363025198218961,0.47244945079117023
2.27569712145407,4.847652565574305,0.7300544136131497,5.719533633447125,4.141506115798592,0.43878919235400754
5.465511484347636,5.983469275109268,4.457664142254258,0.5532818922427749,4.588123623897725,0.3266566170062644
2.229305755211125,2.557165330301852,3.2437014006262004,2.7896838336097,3.9762939899325804,1.4605266284901048
1.799089613499772,2.110824409386872,1.769394042422256,2.103180435248726,3.61585449496568,1.0069710490216288
3.363511874326957,0.17748708168873722,4.705120157015797,4.816737487926581,5.724670870608503,0.37410418984306687
5.500642751440783,1.2110267333170561,0.7941353512839795,4.274172786806003,0.6932872328367432,0.3807504969069606
5.2056193839558675,2.6755890907371134,4.103242830019949,0.3567392038002996,3.520474062369913,0.54215631484375
4.899335775157418,2.3056498163721164,3.7771056192668695,3.259201044506991,0.826422048679035,0.6903637236633352
3.9441798618137374,2.0497196028324023,2.8650569117204654,0.7165842969453393,2.927706870230954,0.8311217425248246
4.095627601727695,3.5214097306424503,2.901521964126463,0.35057305953320145,4.160434321796212,0.6734897100782719
2.9241834248330223,4.362967177667183,1.7591554496510844,2.7700319585885866,2.574711920800265,1.1578257618858503
3.072234475516481,2.523764942577788,1.2610621749264173,3.7926282523576447,2.36062947767902,1.0760814762387512
4.1416952504585005,2.4058022510283283,1.8646307931477877,3.414966340489714,3.3902857761315035,1.209171961614111
2.7938951462193287,5.3157676313435465,0.9544632969681652,1.8422520390072599,3.9614805000231916,0.5933202430107536
1.0524405355288091,2.890529125677087,1.3821749726153478,5.547352096371148,2.0479774345816133,0.5314151590790406
3.6581203455815263,5.945245564358962,1.6375952412519874,4.9108246741568715,4.740572642979661,0.44160668750231036
3.097556061747567,0.7537125664989399,3.0852019690408614,4.2486511771598705,3.0065044302896857,0.8604551770517369
0.27736758039995374,3.119668730244552,3.4935229988952465,0.7645886826273929,1.6427005629482452,0.512559281926472
3.714134076789904,3.4682440403009545,5.27752652600372,2.837396910553182,0.5526911635924843,0.5905932430944321
1.7625718206901897,1.1853316300114909,1.4438047365124407,2.2691577472979887,5.0026691095202365,0.5955639732866741
5.706567598596761,3.108920593476618,5.809989824720388,0.9040618116676189,2.5122391949651965,0.40218333801638106
5.702972860386353,1.8649759072690923,0.15535417744188446,0.4263587086881974,2.2996379705616734,0.34721633522367745
3.1124363493320804,5.111640140793426,5.841017016600294,1.7509979187769646,3.2697305606108857,0.5214905069868623
6.0071943342443115,5.978949855906856,5.013415531496178,5.069925237816508,3.7813979970209424,0.31381039936207267
5.047387942426608,4.891500066630901,4.795731364133014,4.483426454365681,1.8700093411043388,0.5135670561296247
5.609939060442852,5.681617292259391,1.831033388429066,2.4844580148405226,1.2057650699447844,0.4192098967264351
2.568306320395224,1.5307969278485483,4.351007648946495,0.8060154949713487,4.491346530068207,0.6169860739761032
1.0935480796724584,5.1797163785559945,0.1407438870863244,5.00994676595821,4.7514400629641536,0.34881494723263234
4.887092165594933,1.5291096132372493,0.9231293414500734,4.449424664709427,4.795266085528302,0.4911147692700147
0.9720429086386866,0.6089613828951745,4.137832614129012,5.827287426338427,3.347560126528416,0.4125635345416773
4.787715523617517,4.512001015622046,5.9273269037436735,4.463508734510735,4.134163436680585,0.44484972858376437
4.726152025121183,3.731377789508051,1.159526333938078,5.574348740222629,1.4180528274312567,0.4754730576854873
5.43079258867833,5.005315944124896,2.3589090203923284,4.568756291280693,2.847520777269512,0.5610007376784302
2.938605781091559,4.764266774582358,2.902076991876479,3.4240455582504064,2.420675071677269,1.1572162222181044
4.3190239542074655,1.1587278864504973,0.29329487554930406,4.1464386833985385,1.0572309327443863,0.44355667813108474
1.9131120440533314,3.728527756844244,4.1406807142259465,3.6145061444656497,2.7823363617475154,1.1850832330421108
0.1723864248360149,4.883474705017437,4.283815157234554,3.8632242846191005,3.8989769590651564,0.506473424452818
0.13169460176765319,3.179009893445238,4.978372085323014,0.5987657807641267,5.496286760881124,0.34281150141599265
1.1734788798336457,0.6141327676210857,0.6776128702088748,2.2632973278466384,2.4346588046651303,0.49299052932451265
5.740840467954315,3.1382463849827005,3.107293380551419,3.7353769648980686,3.4899209678875946,0.7505460839038156
0.8493253596675991,1.7123281833916333,4.085634378102857,0.9707423289942789,1.8962311391092916,0.5618515860068928
