dataset_id,global_index,dataset_name,host,result_relpath,action,reason,parameter_source
g0007,7,CRK22,anon-node-05,results/W2/drsr/anon-node-05/g0007_CRK22/result.json,repaired,repaired,canonical_artifact.parameter_values
g0016,16,first_principles_newton,anon-node-05,results/W2/drsr/anon-node-05/g0016_first_principles_newton/result.json,repaired,repaired,canonical_artifact.parameter_values
g0054,54,feynman_II_2_42,anon-node-06,results/W2/drsr/anon-node-06/g0054_feynman_II_2_42/result.json,repaired,repaired,canonical_artifact.parameter_values
g0055,55,feynman_II_34_11,anon-node-06,results/W2/drsr/anon-node-06/g0055_feynman_II_34_11/result.json,repaired,repaired,canonical_artifact.parameter_values
g0056,56,feynman_II_15_5,anon-node-06,results/W2/drsr/anon-node-06/g0056_feynman_II_15_5/result.json,repaired,repaired,canonical_artifact.parameter_values
g0057,57,feynman_III_17_37,anon-node-06,results/W2/drsr/anon-node-06/g0057_feynman_III_17_37/result.json,repaired,repaired,anon-node-06:best_history/best_sample_0.json
g0058,58,feynman_II_36_38,anon-node-06,results/W2/drsr/anon-node-06/g0058_feynman_II_36_38/result.json,repaired,repaired,canonical_artifact.parameter_values
g0059,59,feynman_II_38_3,anon-node-06,results/W2/drsr/anon-node-06/g0059_feynman_II_38_3/result.json,repaired,repaired,canonical_artifact.parameter_values
g0070,70,III.21.20_3_0,anon-node-06,results/W2/drsr/anon-node-06/g0070_III.21.20_3_0/result.json,repaired,repaired,canonical_artifact.parameter_values
g0077,77,I.40.1_4_0,anon-node-06,results/W2/drsr/anon-node-06/g0077_I.40.1_4_0/result.json,repaired,repaired,canonical_artifact.parameter_values
g0078,78,III.21.20_2_0,anon-node-06,results/W2/drsr/anon-node-06/g0078_III.21.20_2_0/result.json,repaired,repaired,canonical_artifact.parameter_values
g0079,79,I.11.19_5_0,anon-node-06,results/W2/drsr/anon-node-06/g0079_I.11.19_5_0/result.json,repaired,repaired,canonical_artifact.parameter_values
g0080,80,II.37.1_2_0,anon-node-06,results/W2/drsr/anon-node-06/g0080_II.37.1_2_0/result.json,repaired,repaired,canonical_artifact.parameter_values
g0081,81,II.36.38_4_0,anon-node-06,results/W2/drsr/anon-node-06/g0081_II.36.38_4_0/result.json,repaired,repaired,canonical_artifact.parameter_values
g0082,82,II.34.2_1_0,anon-node-06,results/W2/drsr/anon-node-06/g0082_II.34.2_1_0/result.json,repaired,repaired,canonical_artifact.parameter_values
g0088,88,strogatz_lv1,anon-node-06,results/W2/drsr/anon-node-06/g0088_strogatz_lv1/result.json,repaired,repaired,canonical_artifact.parameter_values
g0089,89,strogatz_lv2,anon-node-06,results/W2/drsr/anon-node-06/g0089_strogatz_lv2/result.json,repaired,repaired,canonical_artifact.parameter_values
g0091,91,strogatz_shearflow2,anon-node-06,results/W2/drsr/anon-node-06/g0091_strogatz_shearflow2/result.json,repaired,repaired,canonical_artifact.parameter_values
g0092,92,strogatz_glider2,anon-node-06,results/W2/drsr/anon-node-06/g0092_strogatz_glider2/result.json,repaired,repaired,canonical_artifact.parameter_values
g0094,94,first_principles_planck,anon-node-06,results/W2/drsr/anon-node-06/g0094_first_principles_planck/result.json,repaired,repaired,canonical_artifact.parameter_values
g0095,95,strogatz_bacres2,anon-node-06,results/W2/drsr/anon-node-06/g0095_strogatz_bacres2/result.json,repaired,repaired,canonical_artifact.parameter_values
g0096,96,strogatz_predprey2,anon-node-06,results/W2/drsr/anon-node-06/g0096_strogatz_predprey2/result.json,repaired,repaired,canonical_artifact.parameter_values
g0098,98,strogatz_barmag1,anon-node-06,results/W2/drsr/anon-node-06/g0098_strogatz_barmag1/result.json,repaired,repaired,canonical_artifact.parameter_values
g0102,102,CRK23,anon-node-07,results/W2/drsr/anon-node-07/g0102_CRK23/result.json,repaired,repaired,canonical_artifact.parameter_values
g0103,103,BPG9,anon-node-07,results/W2/drsr/anon-node-07/g0103_BPG9/result.json,repaired,repaired,canonical_artifact.parameter_values
g0105,105,BPG7,anon-node-07,results/W2/drsr/anon-node-07/g0105_BPG7/result.json,repaired,repaired,canonical_artifact.parameter_values
g0107,107,BPG16,anon-node-07,results/W2/drsr/anon-node-07/g0107_BPG16/result.json,repaired,repaired,canonical_artifact.parameter_values
g0108,108,BPG8,anon-node-07,results/W2/drsr/anon-node-07/g0108_BPG8/result.json,repaired,repaired,canonical_artifact.parameter_values
g0109,109,BPG0,anon-node-07,results/W2/drsr/anon-node-07/g0109_BPG0/result.json,repaired,repaired,canonical_artifact.parameter_values
g0110,110,CRK5,anon-node-07,results/W2/drsr/anon-node-07/g0110_CRK5/result.json,repaired,repaired,canonical_artifact.parameter_values
g0111,111,CRK16,anon-node-07,results/W2/drsr/anon-node-07/g0111_CRK16/result.json,repaired,repaired,canonical_artifact.parameter_values
g0112,112,CRK15,anon-node-07,results/W2/drsr/anon-node-07/g0112_CRK15/result.json,repaired,repaired,canonical_artifact.parameter_values
g0115,115,MatSci23,anon-node-07,results/W2/drsr/anon-node-07/g0115_MatSci23/result.json,repaired,repaired,canonical_artifact.parameter_values
g0118,118,BPG14,anon-node-07,results/W2/drsr/anon-node-07/g0118_BPG14/result.json,repaired,repaired,canonical_artifact.parameter_values
g0119,119,first_principles_kepler,anon-node-07,results/W2/drsr/anon-node-07/g0119_first_principles_kepler/result.json,repaired,repaired,canonical_artifact.parameter_values
g0120,120,feynman_test_8,anon-node-07,results/W2/drsr/anon-node-07/g0120_feynman_test_8/result.json,repaired,repaired,canonical_artifact.parameter_values
g0121,121,CRK6,anon-node-07,results/W2/drsr/anon-node-07/g0121_CRK6/result.json,repaired,repaired,canonical_artifact.parameter_values
g0122,122,feynman_I_27_6,anon-node-07,results/W2/drsr/anon-node-07/g0122_feynman_I_27_6/result.json,repaired,repaired,canonical_artifact.parameter_values
g0123,123,feynman_I_6_2,anon-node-07,results/W2/drsr/anon-node-07/g0123_feynman_I_6_2/result.json,repaired,repaired,canonical_artifact.parameter_values
g0124,124,I.13.12_3_0,anon-node-07,results/W2/drsr/anon-node-07/g0124_I.13.12_3_0/result.json,repaired,repaired,canonical_artifact.parameter_values
g0125,125,II.36.38_5_0,anon-node-07,results/W2/drsr/anon-node-07/g0125_II.36.38_5_0/result.json,repaired,repaired,canonical_artifact.parameter_values
g0126,126,feynman_I_6_2b,anon-node-07,results/W2/drsr/anon-node-07/g0126_feynman_I_6_2b/result.json,repaired,repaired,canonical_artifact.parameter_values
g0127,127,feynman_test_7,anon-node-07,results/W2/drsr/anon-node-07/g0127_feynman_test_7/result.json,repaired,repaired,canonical_artifact.parameter_values
g0128,128,feynman_test_4,anon-node-07,results/W2/drsr/anon-node-07/g0128_feynman_test_4/result.json,repaired,repaired,canonical_artifact.parameter_values
g0131,131,II.6.15b_3_0,anon-node-07,results/W2/drsr/anon-node-07/g0131_II.6.15b_3_0/result.json,repaired,repaired,canonical_artifact.parameter_values
g0132,132,CRK19,anon-node-07,results/W2/drsr/anon-node-07/g0132_CRK19/result.json,repaired,repaired,canonical_artifact.parameter_values
g0133,133,feynman_III_10_19,anon-node-07,results/W2/drsr/anon-node-07/g0133_feynman_III_10_19/result.json,repaired,repaired,canonical_artifact.parameter_values
g0136,136,I.24.6_3_1,anon-node-07,results/W2/drsr/anon-node-07/g0136_I.24.6_3_1/result.json,repaired,repaired,canonical_artifact.parameter_values
g0137,137,feynman_I_24_6,anon-node-07,results/W2/drsr/anon-node-07/g0137_feynman_I_24_6/result.json,repaired,repaired,canonical_artifact.parameter_values
g0138,138,I.50.26_0_0,anon-node-07,results/W2/drsr/anon-node-07/g0138_I.50.26_0_0/result.json,repaired,repaired,canonical_artifact.parameter_values
g0139,139,II.36.38_0_0,anon-node-07,results/W2/drsr/anon-node-07/g0139_II.36.38_0_0/result.json,repaired,repaired,canonical_artifact.parameter_values
g0142,142,BPG10,anon-node-07,results/W2/drsr/anon-node-07/g0142_BPG10/result.json,repaired,repaired,canonical_artifact.parameter_values
g0143,143,MatSci8,anon-node-07,results/W2/drsr/anon-node-07/g0143_MatSci8/result.json,repaired,repaired,canonical_artifact.parameter_values
g0145,145,first_principles_rydberg,anon-node-07,results/W2/drsr/anon-node-07/g0145_first_principles_rydberg/result.json,repaired,repaired,canonical_artifact.parameter_values
g0146,146,CRK17,anon-node-07,results/W2/drsr/anon-node-07/g0146_CRK17/result.json,repaired,repaired,canonical_artifact.parameter_values
g0147,147,MatSci25,anon-node-07,results/W2/drsr/anon-node-07/g0147_MatSci25/result.json,repaired,repaired,canonical_artifact.parameter_values
g0148,148,MatSci11,anon-node-07,results/W2/drsr/anon-node-07/g0148_MatSci11/result.json,repaired,repaired,canonical_artifact.parameter_values
g0150,150,CRK28,anon-node-07,results/W2/drsr/anon-node-07/g0150_CRK28/result.json,repaired,repaired,canonical_artifact.parameter_values
g0151,151,MatSci3,anon-node-08,results/W2/drsr/anon-node-08/g0151_MatSci3/result.json,repaired,repaired,canonical_artifact.parameter_values
g0152,152,first_principles_tully_fisher,anon-node-08,results/W2/drsr/anon-node-08/g0152_first_principles_tully_fisher/result.json,repaired,repaired,canonical_artifact.parameter_values
g0153,153,MatSci21,anon-node-08,results/W2/drsr/anon-node-08/g0153_MatSci21/result.json,repaired,repaired,canonical_artifact.parameter_values
g0154,154,first_principles_leavitt,anon-node-08,results/W2/drsr/anon-node-08/g0154_first_principles_leavitt/result.json,repaired,repaired,canonical_artifact.parameter_values
g0159,159,CRK30,anon-node-08,results/W2/drsr/anon-node-08/g0159_CRK30/result.json,repaired,repaired,canonical_artifact.parameter_values
g0161,161,CRK13,anon-node-08,results/W2/drsr/anon-node-08/g0161_CRK13/result.json,repaired,repaired,canonical_artifact.parameter_values
g0162,162,CRK11,anon-node-08,results/W2/drsr/anon-node-08/g0162_CRK11/result.json,repaired,repaired,canonical_artifact.parameter_values
g0163,163,CRK8,anon-node-08,results/W2/drsr/anon-node-08/g0163_CRK8/result.json,repaired,repaired,canonical_artifact.parameter_values
g0164,164,CRK18,anon-node-08,results/W2/drsr/anon-node-08/g0164_CRK18/result.json,repaired,repaired,canonical_artifact.parameter_values
g0165,165,CRK10,anon-node-08,results/W2/drsr/anon-node-08/g0165_CRK10/result.json,repaired,repaired,canonical_artifact.parameter_values
g0166,166,CRK24,anon-node-08,results/W2/drsr/anon-node-08/g0166_CRK24/result.json,repaired,repaired,canonical_artifact.parameter_values
g0167,167,BPG3,anon-node-08,results/W2/drsr/anon-node-08/g0167_BPG3/result.json,repaired,repaired,canonical_artifact.parameter_values
g0168,168,CRK34,anon-node-08,results/W2/drsr/anon-node-08/g0168_CRK34/result.json,repaired,repaired,canonical_artifact.parameter_values
g0169,169,CRK9,anon-node-08,results/W2/drsr/anon-node-08/g0169_CRK9/result.json,repaired,repaired,canonical_artifact.parameter_values
g0170,170,BPG17,anon-node-08,results/W2/drsr/anon-node-08/g0170_BPG17/result.json,repaired,repaired,canonical_artifact.parameter_values
g0171,171,CRK2,anon-node-08,results/W2/drsr/anon-node-08/g0171_CRK2/result.json,repaired,repaired,canonical_artifact.parameter_values
g0172,172,CRK0,anon-node-08,results/W2/drsr/anon-node-08/g0172_CRK0/result.json,repaired,repaired,canonical_artifact.parameter_values
g0176,176,feynman_II_8_7,anon-node-08,results/W2/drsr/anon-node-08/g0176_feynman_II_8_7/result.json,repaired,repaired,canonical_artifact.parameter_values
g0177,177,feynman_I_14_3,anon-node-08,results/W2/drsr/anon-node-08/g0177_feynman_I_14_3/result.json,repaired,repaired,canonical_artifact.parameter_values
g0178,178,feynman_I_43_16,anon-node-08,results/W2/drsr/anon-node-08/g0178_feynman_I_43_16/result.json,repaired,repaired,canonical_artifact.parameter_values
g0179,179,feynman_III_15_14,anon-node-08,results/W2/drsr/anon-node-08/g0179_feynman_III_15_14/result.json,repaired,repaired,canonical_artifact.parameter_values
g0180,180,feynman_II_15_4,anon-node-08,results/W2/drsr/anon-node-08/g0180_feynman_II_15_4/result.json,repaired,repaired,canonical_artifact.parameter_values
g0181,181,feynman_II_3_24,anon-node-08,results/W2/drsr/anon-node-08/g0181_feynman_II_3_24/result.json,repaired,repaired,canonical_artifact.parameter_values
g0182,182,I.11.19_3_0,anon-node-08,results/W2/drsr/anon-node-08/g0182_I.11.19_3_0/result.json,repaired,repaired,canonical_artifact.parameter_values
g0183,183,feynman_II_21_32,anon-node-08,results/W2/drsr/anon-node-08/g0183_feynman_II_21_32/result.json,repaired,repaired,canonical_artifact.parameter_values
g0184,184,III.15.14_1_0,anon-node-08,results/W2/drsr/anon-node-08/g0184_III.15.14_1_0/result.json,repaired,repaired,canonical_artifact.parameter_values
g0185,185,I.11.19_2_0,anon-node-08,results/W2/drsr/anon-node-08/g0185_I.11.19_2_0/result.json,repaired,repaired,canonical_artifact.parameter_values
g0186,186,I.11.19_4_0,anon-node-08,results/W2/drsr/anon-node-08/g0186_I.11.19_4_0/result.json,repaired,repaired,canonical_artifact.parameter_values
g0187,187,I.11.19_1_0,anon-node-08,results/W2/drsr/anon-node-08/g0187_I.11.19_1_0/result.json,repaired,repaired,canonical_artifact.parameter_values
g0188,188,feynman_III_15_27,anon-node-08,results/W2/drsr/anon-node-08/g0188_feynman_III_15_27/result.json,repaired,repaired,canonical_artifact.parameter_values
g0189,189,feynman_I_12_2,anon-node-08,results/W2/drsr/anon-node-08/g0189_feynman_I_12_2/result.json,repaired,repaired,canonical_artifact.parameter_values
g0190,190,feynman_II_11_20,anon-node-08,results/W2/drsr/anon-node-08/g0190_feynman_II_11_20/result.json,repaired,repaired,canonical_artifact.parameter_values
g0191,191,II.34.29b_2_0,anon-node-08,results/W2/drsr/anon-node-08/g0191_II.34.29b_2_0/result.json,repaired,repaired,canonical_artifact.parameter_values
g0192,192,strogatz_shearflow1,anon-node-08,results/W2/drsr/anon-node-08/g0192_strogatz_shearflow1/result.json,repaired,repaired,canonical_artifact.parameter_values
g0193,193,II.21.32_3_0,anon-node-08,results/W2/drsr/anon-node-08/g0193_II.21.32_3_0/result.json,repaired,repaired,canonical_artifact.parameter_values
g0194,194,II.21.32_2_0,anon-node-08,results/W2/drsr/anon-node-08/g0194_II.21.32_2_0/result.json,repaired,repaired,canonical_artifact.parameter_values
g0195,195,III.15.27_2_0,anon-node-08,results/W2/drsr/anon-node-08/g0195_III.15.27_2_0/result.json,repaired,repaired,canonical_artifact.parameter_values
g0196,196,II.34.29b_4_0,anon-node-08,results/W2/drsr/anon-node-08/g0196_II.34.29b_4_0/result.json,repaired,repaired,canonical_artifact.parameter_values
g0197,197,III.15.27_1_0,anon-node-08,results/W2/drsr/anon-node-08/g0197_III.15.27_1_0/result.json,repaired,repaired,canonical_artifact.parameter_values
g0198,198,feynman_II_34_29b,anon-node-08,results/W2/drsr/anon-node-08/g0198_feynman_II_34_29b/result.json,repaired,repaired,canonical_artifact.parameter_values
g0199,199,III.13.18_0_0,anon-node-08,results/W2/drsr/anon-node-08/g0199_III.13.18_0_0/result.json,repaired,repaired,canonical_artifact.parameter_values
