method,dataset_id,global_index,dataset_name,host,result_relpath,action,reason
pyoperon,g0006,6,feynman-ii.11.27,anon-node-01,results/W2/pyoperon/anon-node-01/g0006_feynman-ii.11.27/result.json,repaired,repaired
pyoperon,g0009,9,feynman-ii.15.4,anon-node-01,results/W2/pyoperon/anon-node-01/g0009_feynman-ii.15.4/result.json,repaired,repaired
pyoperon,g0012,12,feynman-i.26.2,anon-node-01,results/W2/pyoperon/anon-node-01/g0012_feynman-i.26.2/result.json,unrepaired,metric_nonfinite
pyoperon,g0015,15,feynman-i.41.16,anon-node-01,results/W2/pyoperon/anon-node-01/g0015_feynman-i.41.16/result.json,repaired,repaired
pyoperon,g0033,33,feynman-iii.4.33,anon-node-01,results/W2/pyoperon/anon-node-01/g0033_feynman-iii.4.33/result.json,repaired,repaired
pysr,g0007,7,CRK22,anon-node-01,results/W3/pysr/anon-node-01/g0007_CRK22/result.json,unrepaired,metric_nonfinite
tpsr,g0022,22,feynman-ii.11.20,anon-node-01,results/W5/tpsr/anon-node-01/g0022_feynman-ii.11.20/result.json,unrepaired,metric_nonfinite
tpsr,g0025,25,feynman-bonus.4,anon-node-01,results/W5/tpsr/anon-node-01/g0025_feynman-bonus.4/result.json,unrepaired,missing_equation
tpsr,g0039,39,feynman-ii.11.3,anon-node-01,results/W5/tpsr/anon-node-01/g0039_feynman-ii.11.3/result.json,unrepaired,missing_equation
pyoperon,g0072,72,feynman-i.43.31,anon-node-02,results/W2/pyoperon/anon-node-02/g0072_feynman-i.43.31/result.json,repaired,repaired
pyoperon,g0078,78,III.21.20_2_0,anon-node-02,results/W2/pyoperon/anon-node-02/g0078_III.21.20_2_0/result.json,unrepaired,metric_nonfinite
pysr,g0130,130,Keijzer-10,anon-node-03,results/W3/pysr/anon-node-03/g0130_Keijzer-10/result.json,unrepaired,metric_nonfinite
pysr,g0143,143,MatSci8,anon-node-03,results/W3/pysr/anon-node-03/g0143_MatSci8/result.json,unrepaired,metric_nonfinite
pyoperon,g0184,184,III.15.14_1_0,anon-node-04,results/W2/pyoperon/anon-node-04/g0184_III.15.14_1_0/result.json,unrepaired,metric_nonfinite
pyoperon,g0193,193,II.21.32_3_0,anon-node-04,results/W2/pyoperon/anon-node-04/g0193_II.21.32_3_0/result.json,unrepaired,metric_nonfinite
pyoperon,g0194,194,II.21.32_2_0,anon-node-04,results/W2/pyoperon/anon-node-04/g0194_II.21.32_2_0/result.json,unrepaired,metric_nonfinite
tpsr,g0174,174,feynman-ii.35.18,anon-node-04,results/W5/tpsr/anon-node-04/g0174_feynman-ii.35.18/result.json,unrepaired,metric_nonfinite
tpsr,g0175,175,feynman-bonus.2,anon-node-04,results/W5/tpsr/anon-node-04/g0175_feynman-bonus.2/result.json,unrepaired,metric_nonfinite
dso,g0130,130,Keijzer-10,anon-node-05,results/W4/dso/anon-node-05/g0130_Keijzer-10/result.json,unrepaired,metric_nonfinite
dso,g0141,141,Keijzer-15,anon-node-05,results/W4/dso/anon-node-05/g0141_Keijzer-15/result.json,unrepaired,metric_nonfinite
